Gene,coef.FL,se.FL,Pval.FL,Coef.fixed,SE.fixed,CI_lower.fixed,CI_upper.fixed,Pval.fixed,Coef,SE,CI_lower,CI_upper,Pval,I2,Q_Pval,FDR,FDR.fixed
ITGAL,-0.2303866739395032,0.07542061615980336,0.002252925431747158,-0.185919715724703,0.0896432114532986,-0.361617181631677,-0.0102222498177297,0.0380796266710639,-0.211953527829872,0.101612894060648,-0.411111140553626,-0.0127959151061181,0.0369884026529325,0.153019014984288,0.27059922002306,0.173803993431469,0.166417665307983
PTPRC,-0.23821801928175404,0.07498022746512403,0.0014876710013548896,-0.221135875993231,0.0866228909121202,-0.390913622417729,-0.0513581295687338,0.0106843272534418,-0.235624007968182,0.0932296263919986,-0.418350717988624,-0.0528972979477398,0.0114926513765733,0.0657209796579239,0.375606508013578,0.111087333171149,0.0971302477585622
LAG3,-0.2769147942889717,0.07629331019198708,0.0002838521645797485,-0.173068624177384,0.0993324282062542,-0.367756605958553,0.0216193576037846,0.0814529096009598,-0.24116311398421,0.149676314520815,-0.534523299783697,0.0521970718152779,0.107129389194428,0.474510098013858,0.0291524371229444,0.290893159994209,0.228725742548437
GZMB,-0.3024099217795205,0.07845695883652778,0.00011598104046900998,-0.157659509603661,0.100494935612144,-0.354625964032134,0.0393069448248124,0.116687463850472,-0.228626229287182,0.146552915565872,-0.51586466562563,0.058612207051266,0.11875394573613,0.394802088105935,0.0775884474673594,0.312510383516131,0.291718659626181
STAT1,-0.2964488666051472,0.07391169680402951,6.05000636809549e-05,-0.255536585701112,0.0830399302712716,-0.418291858311521,-0.0927813130907021,0.0020890345661349,-0.320105466983724,0.114631027203768,-0.544778151813939,-0.095432782153508,0.0052304831994202,0.385951981415647,0.040966212050458,0.0937881853942561,0.0395288861484481
CD274,-0.22910402737887642,0.07532924234094647,0.0023550496818371862,-0.295415946609263,0.101066210148744,-0.493502078554757,-0.0973298146637685,0.0034668296832845,-0.295418672159908,0.101068242893201,-0.493508788211328,-0.0973285561084882,0.0034671840056248,0.274911635220554,0.147126832393002,0.0937881853942561,0.0495261383326359
IDO1,-0.3285873148350409,0.07739395699380902,2.1796489107423738e-05,-0.212216268399832,0.0981829164388714,-0.404651248517125,-0.019781288282538,0.030661535654746,-0.209972327262627,0.102408466999864,-0.410689234294319,-0.0092554202309361,0.0403311199810047,0.297264154726917,0.132615430656489,0.173803993431469,0.148622017005193
CXCL9,-0.3286615470787138,0.07645487278226731,1.7175229937500522e-05,-0.227143474821543,0.113993512276993,-0.450566653355673,-0.0037202962874121,0.04630526302558,-0.33407660848465,0.163083649165562,-0.653714687316518,-0.0144385296527826,0.0405111802468723,0.424243479684433,0.0419537936321034,0.173803993431469,0.166417665307983
GZMA,-0.2767175670659352,0.07598893335874739,0.0002710005516580361,-0.226177259667586,0.0955660009409299,-0.413483179658329,-0.0388713396768419,0.0179468627294848,-0.242008077907979,0.115663850514131,-0.4687050592289,-0.0153110965870585,0.0364081297627884,0.232262695830709,0.190383497038274,0.173803993431469,0.11216789205928
IL2RG,-0.22700941360467247,0.0753400789096114,0.0025856856183447963,-0.187426214012888,0.0907022469615865,-0.365199351374455,-0.009653076651321,0.0387916715737366,-0.187431917477166,0.0907058857478475,-0.365212186728753,-0.0096516482255802,0.0387935601865525,0.148963911133628,0.279138259477072,0.173803993431469,0.166417665307983
CD8A,-0.30649068196379226,0.07604831034883242,5.572697792899762e-05,-0.294515719617968,0.0950417144745998,-0.480794057017123,-0.108237382218814,0.0019430300097112,-0.320083406504853,0.113516909935209,-0.54257246161414,-0.0975943513955667,0.0048068861860963,0.240665631604217,0.175794245862574,0.0937881853942561,0.0395288861484481
CCR5,-0.28512682908546166,0.07774899547203873,0.0002451505599562372,-0.228128647081444,0.0995915072171928,-0.423324414393202,-0.0329328797696848,0.0219840359716649,-0.261370158316972,0.121305215026965,-0.499124010906711,-0.0236163057272329,0.0311893127783564,0.209324543314048,0.215045509336201,0.173803993431469,0.129317858656852
CTLA4,-0.2012367672609062,0.07463022734811876,0.007008266231601739,-0.079428015918652,0.115537583794508,-0.305877519016665,0.147021487179361,0.491789907973751,-0.130954157850222,0.186862514526051,-0.497197956381875,0.23528964068143,0.48342480627492,0.514579763088265,0.0240564899187966,0.732461827689273,0.712738997063407
CD3D,-0.24735293744092737,0.07626840839659507,0.0011819937018072873,-0.214512730500307,0.0978163061651487,-0.406229167684742,-0.0227962933158723,0.0283062219023075,-0.253150458518325,0.124746047380193,-0.49764821859723,-0.0086526984394203,0.0424250468756945,0.312686179221282,0.118925857258125,0.173803993431469,0.148622017005193
CXCL10,-0.3737311163066106,0.07900581685262603,2.2404993919096164e-06,-0.326159189832341,0.0985198716214762,-0.519254589971944,-0.133063789692738,0.0009309853544624,-0.363455333990039,0.133558835633703,-0.625225841649202,-0.101684826330876,0.0065023253076392,0.387871065757285,0.0570045016511046,0.0937881853942561,0.0395288861484481
CXCL11,-0.3419541235665609,0.07694410861798585,8.822422458284883e-06,-0.289485136276447,0.1476423915249,-0.578858906256614,-0.0001113662962811,0.0499118952037249,-0.458639366255736,0.308581323431566,-1.06344764648331,0.146168913971839,0.13720411763509,0.625353607450649,0.0136731410722344,0.343010294087725,0.16813893518492
CXCR6,-0.2901299758029104,0.0807533715476711,0.0003271551491129729,-0.230045216828931,0.115603781122233,-0.45662446430516,-0.0034659693527029,0.0465969462862353,-0.311877517591838,0.162673275197211,-0.630711278225544,0.0069562430418679,0.0552122826484295,0.439192354920905,0.0349244991138784,0.197186723744391,0.166417665307983
CIITA,-0.20856986863469476,0.07427393978392843,0.004983221084849085,-0.209744586870716,0.086501636783866,-0.379284679570858,-0.0402044941705734,0.0153190571626184,-0.209747151477178,0.0865032552044072,-0.379290416223293,-0.0402038867310628,0.0153197203697431,0.14722656734469,0.274019332776635,0.127664336414526,0.109421836875846
PRF1,-0.26824652403386373,0.07563189557202206,0.0003900321494119786,-0.241595181468395,0.0970273843954843,-0.431765360397668,-0.0514250025391221,0.0127754229782824,-0.259848023445704,0.109894916158237,-0.475238101199898,-0.0444579456915108,0.0180537646453919,0.246160859285911,0.175874917677796,0.138875112656861,0.098272484448326
PDCD1,-0.24357901704669582,0.0752808743931058,0.0012138611584795254,-0.267701225760659,0.133657550424748,-0.529665210855012,-0.0057372406663067,0.0451892134822026,-0.26770460809389,0.133659130256094,-0.529671689600782,-0.0057375265869967,0.0451890382921819,0.0809543736096468,0.367521040290781,0.173803993431469,0.166417665307983
PDCD1LG2,-0.15917594265126495,0.07376658714682684,0.030940853379017183,-0.0994598497223915,0.0944700604547328,-0.284617765830989,0.0856980663862064,0.292424075831679,-0.133916819258443,0.115764686753106,-0.360811435976091,0.0929777974592048,0.247353271278009,0.340216868343029,0.0899364375520423,0.494706542556018,0.584848151663359
CD3E,-0.2280521812840187,0.07527172859661874,0.0024478141984384766,-0.235082399230524,0.098674618539864,-0.428481097756886,-0.0416837007041622,0.0172002085210318,-0.248459551679337,0.110172576985493,-0.464393834654871,-0.0325252687038043,0.0241217141277387,0.178461062087766,0.249323668238876,0.169767785529918,0.11216789205928
RGPD5,0.06641964381266072,0.07207788955145447,0.35679039264813106,0.0976073250684319,0.102542501663925,-0.103372285077501,0.298586935214364,0.341161956150883,0.078017984519604,0.116910252211855,-0.151121899239126,0.307157868278333,0.504559915279595,0.226440895355534,0.20835165356641,0.735176431276875,0.631781400279413
DDX3Y,0.0008077627119707794,0.0728132493045396,0.9911487513132474,0.126283678369424,0.159609905508759,-0.186545988003584,0.439113344742433,0.428826117610482,-0.0039118091187473,0.288415471954,-0.569195746732709,0.561372128495214,0.989178540290641,0.396870962344085,0.173706485351739,0.992843667563991,0.6420538162482
HERPUD1,-0.14669208985395138,0.0744691306425831,0.048856991543390196,-0.0688696037240285,0.0885266651479006,-0.242378679085351,0.104639471637294,0.436596595048776,-0.103865599503367,0.117484769550195,-0.334131516553737,0.126400317547003,0.376654570485212,0.465022727729636,0.016036671623729,0.649404431871054,0.6420538162482
USP36,0.03131770186278329,0.07195531528264663,0.663389537952382,0.0302441847635936,0.0839059442764558,-0.134208444107084,0.194696813634272,0.718508082454344,0.0257855042107016,0.0864229092327389,-0.143600285324641,0.195171293746044,0.765425191675637,0.0,0.496913887463506,0.911020376820626,0.876229368846761
SLC2A3,-0.08932615925732061,0.0734072201527636,0.22365826784450496,-0.0856656384818285,0.0849391571193384,-0.252143327312921,0.0808120503492637,0.313189075863225,-0.0856656384818285,0.0849391571193384,-0.252143327312921,0.0808120503492637,0.313189075863225,0.0,0.564326120761406,0.590922784647594,0.602286684352355
DNAJA1,-0.15682342720770212,0.07347326897039544,0.03280773413876605,-0.155910216978522,0.0822109221377443,-0.317040663504327,0.0052202295472838,0.0578984544618744,-0.156904704147902,0.0856887711271503,-0.324851609436612,0.0110422011408084,0.0670856266599176,0.111909134050163,0.317924562008106,0.216870159862092,0.183674299647366
EZR,-0.07922689132409533,0.07307493321426138,0.27828190230106004,-0.0758597673624256,0.0810610217157774,-0.234736450475368,0.0830169157505173,0.349357982113855,-0.0758604386245236,0.0810613793351928,-0.234737822658641,0.0830169454095935,0.349355843902981,0.0,0.513934977200584,0.626561562087658,0.635196331116101
CREM,-0.004934931437631826,0.07223291133151849,0.9455311357638055,0.054594012366922,0.087028657158758,-0.115979021287128,0.225167046020971,0.530455556846498,0.0545936690881955,0.0870305479528264,-0.11598307045413,0.225170408630521,0.530467073827541,0.0,0.837183596880553,0.735176431276875,0.725241614637999
SMCHD1,-0.18225815518716498,0.07555187856375482,0.015849723608823835,-0.155892473268402,0.0868645899755929,-0.326143941152404,0.0143589946155986,0.0727077620456197,-0.155893415104554,0.0868679602299285,-0.326151488565671,0.0143646583565637,0.0727171343863657,0.0,0.744469712766173,0.227241044957393,0.213846358957705
ALG13,0.11073026860413838,0.07207701682578807,0.12447043952203635,0.130070112847948,0.0808423466462255,-0.0283779750043568,0.288518200700252,0.107630469197857,0.130070112847948,0.0808423466462255,-0.0283779750043568,0.288518200700252,0.107630469197857,0.0,0.746312916117252,0.290893159994209,0.275975562045788
ARRDC2,-0.012089569674627852,0.07232668658702583,0.8672502408295225,-0.0378970660487686,0.0840977266734692,-0.202725581510462,0.126931449412924,0.652255319765113,-0.0378969652750485,0.0840984298178598,-0.202726858874423,0.126932928324326,0.652258899503192,0.0,0.488828174104588,0.851613881896627,0.840826631075812
AREG,0.06180617899687518,0.07187881626446792,0.3898626917820498,0.0211559424261888,0.109025259589,-0.192529639773381,0.234841524625759,0.846139670366923,-0.0129345360459607,0.166152447034445,-0.338587348176671,0.31271827608475,0.937949440882503,0.491178755716236,0.0389715178358995,0.980159958191479,0.929823813590025
PRDM2,-0.0038568726655885954,0.07222851624202364,0.9574146403577235,0.0088779079428773,0.0811843122900245,-0.150240420255223,0.167996236140978,0.912920949116407,0.0065127183771484,0.0860788751627081,-0.162198776771479,0.175224213525776,0.939689686231904,0.223488555946111,0.183745178504336,0.980159958191479,0.95044682335311
NR4A3,-0.1163296819208756,0.07272826702277,0.10970704900820176,-0.0981478105062907,0.0899501742400009,-0.274446912419795,0.0781512914072135,0.275213351342119,-0.0983782867895326,0.0902605893456167,-0.275285791130301,0.0785292175512358,0.275741234258434,0.0094396326329964,0.441170556738731,0.540669086781243,0.565854053188694
YPEL5,0.06855748297353464,0.07143166718814857,0.3371744249166866,0.0736754496302675,0.0923625111056837,-0.107351745658553,0.254702644919088,0.425057961471142,0.0736754496302675,0.0923625111056837,-0.107351745658553,0.254702644919088,0.425057961471142,0.0,0.733514287854236,0.664198787456934,0.6420538162482
BCL11A,-0.08573027467234438,0.07353581065856173,0.24368307235294756,-0.0756312498180236,0.0946404645455265,-0.261123151807395,0.109860652171348,0.424207590203448,-0.0760889330880471,0.0954871560014185,-0.263240319836985,0.111062453660891,0.425538196054581,0.0,0.456503030129016,0.664198787456934,0.6420538162482
HSPH1,0.019166511491598457,0.07218257234570413,0.7906025569524183,-0.0061871393040773,0.0801639254645992,-0.163305546074045,0.15093126746589,0.938479483193943,-0.0044406283634613,0.0841005715156995,-0.169274719613468,0.160393462886545,0.957890141788504,0.113293634440622,0.316194144095703,0.987515610091241,0.95044682335311
CKS2,-0.054689604185352785,0.07325762063956981,0.45534243114922246,0.0408823662792556,0.0934713938493538,-0.142318199250237,0.224082931808748,0.661836964969056,0.0408820870718438,0.0934736009592522,-0.142322804313559,0.224086978457247,0.661846619347345,0.202364460338624,0.2334030117055,0.851613881896627,0.840826631075812
DDX27,-0.02565923208029138,0.07247916627046813,0.7233222648583056,0.0240771638335488,0.0858699395075748,-0.144224824955931,0.192379152623028,0.779177490943624,0.0240778876173306,0.0858718931518607,-0.144227930244588,0.192383705479249,0.779175918670095,0.0602318592444112,0.383211431520213,0.911020376820626,0.900784192811405
JUND,-0.020922826402740145,0.07247340436675984,0.7728135545182631,0.0109422989727354,0.0863477871485535,-0.15829625398316,0.180180851928631,0.899159198102421,0.0109421188061133,0.0863489241396627,-0.158298662611407,0.180182900223633,0.899162170290764,0.043712838161661,0.40318210841744,0.980159958191479,0.95044682335311
ZNF331,-0.0781967692836327,0.07286818360745102,0.2832144213689056,-0.11402149248802,0.089247793402396,-0.288943953256388,0.060900968280347,0.201396383796049,-0.123485321836906,0.103389671689209,-0.326125354721177,0.0791547110473641,0.232334024229983,0.215328494096895,0.197943152532175,0.474802567582254,0.428502944246913
ZNF141,-0.00963992994657398,0.07235697348453064,0.8940135583562279,-0.0176671590335453,0.089140024375925,-0.192378396391381,0.15704407832429,0.842892043778384,-0.0176637231441222,0.0891421040144723,-0.192379036518611,0.157051590230367,0.842925816925011,0.0,0.517278822864082,0.947107659466304,0.929823813590025
DNAJB1,-0.03658122699094612,0.07251327227391255,0.6139267154697279,-0.0235069732883838,0.0870597907346958,-0.194141027629981,0.147127081053214,0.787152920969132,-0.0235069732883838,0.0870597907346958,-0.194141027629981,0.147127081053214,0.787152920969132,0.0,0.681157071548111,0.911020376820626,0.900784192811405
KDM6B,0.030055468738118072,0.07221332663098705,0.6772608004692802,0.051566996552792,0.079569310522327,-0.104385986345653,0.207519979451237,0.51693550277372,0.051566996552792,0.079569310522327,-0.104385986345653,0.207519979451237,0.51693550277372,0.0,0.808055542109033,0.735176431276875,0.725241614637999
WDR74,-0.036580549622978194,0.07273693275852372,0.6150235020940207,-0.0261018412526277,0.0868201442429221,-0.196266197101328,0.144062514596072,0.763686978671968,-0.037063806896946,0.0944658785927684,-0.222213526706705,0.148085912912813,0.694798690460602,0.0,0.520866892549244,0.868498363075753,0.900784192811405
BTG1,0.05717826670704156,0.0721153046148249,0.4278519101274718,0.0776852484276595,0.080299567681839,-0.0796990122028814,0.2350695090582,0.333322661648168,0.0776850278827209,0.0803001342089031,-0.0797003431204619,0.235070398885904,0.333327444684622,0.0,0.759431243540678,0.617273045712262,0.628910682355034
SKIL,-0.021209869118935996,0.07242064290307097,0.7696211464597019,-0.0350337598387049,0.0807138820545503,-0.193230061718037,0.123162542040627,0.664253038549891,-0.0350332468512593,0.0807141827372966,-0.193230138057945,0.123163644355426,0.664258827879369,0.174695260347044,0.240524173413667,0.851613881896627,0.840826631075812
ARHGAP24,0.19466277643532323,0.07184380707385524,0.006737910378891104,0.280960777726443,0.0862564414921627,0.111901258967218,0.450020296485668,0.0011248819065454,0.280960777726443,0.0862564414921627,0.111901258967218,0.450020296485668,0.0011248819065454,0.0,0.949558410167915,0.0937881853942561,0.0395288861484481
VPS37B,-0.0008660079201569044,0.07222166879256814,0.9904328188132855,0.0217734149027857,0.0866947701955042,-0.148145212328379,0.19169204213395,0.801697931602151,0.0217734149027857,0.0866947701955042,-0.148145212328379,0.19169204213395,0.801697931602151,0.0,0.934994208947151,0.911020376820626,0.900784192811405
WDR45B,0.10014926658332651,0.07200966466579604,0.16429356016600266,0.0693143909037379,0.083838179634857,-0.0950054217099812,0.233634203517457,0.408370823807508,0.0599009209617252,0.0931332870164765,-0.122636967352401,0.242438809275851,0.520111116908615,0.0,0.491248531890564,0.735176431276875,0.6420538162482
CALM2,0.01757179584093639,0.07211923096954896,0.8075024889764784,0.0084663067037348,0.0774385115068269,-0.143310386866037,0.160243000273506,0.912941221320912,0.0084662854407349,0.0774385441605829,-0.143310472129222,0.160243043010692,0.912941475662166,0.0,0.491121458993074,0.980159958191479,0.95044682335311
C9orf72,-0.14245978664248132,0.07466169294726056,0.05638208267451397,-0.122589033107848,0.0880652014906868,-0.295193656320857,0.0500155901051612,0.163914583498108,-0.122589033107848,0.0880652014906868,-0.295193656320857,0.0500155901051612,0.163914583498108,0.0,0.769734282639627,0.399791667068557,0.381141809352918
RILPL2,-0.0741101854489433,0.0730053259154067,0.3100419763794235,-0.0458638956420153,0.0875711607901187,-0.217500216875014,0.125772425590983,0.600464347963056,-0.0458638872695107,0.0875712097008559,-0.217500304365793,0.125772529826771,0.600464617954638,0.0577570342258361,0.386843284889424,0.800619490606185,0.790084668372443
ZFP36L2,0.09001932545091701,0.07179828021078487,0.20992158719787188,0.108858996561143,0.0795253453561255,-0.047007816194973,0.264725809317258,0.171043307400032,0.108634294456082,0.0796760886014627,-0.0475279696318073,0.264796558543971,0.172741003220262,0.0,0.478294328229927,0.407364186656031,0.381141809352918
BANK1,-0.17298281717197703,0.07405706621803476,0.019501440983832132,-0.17756164592926,0.0982779620973665,-0.37018291211409,0.0150596202555712,0.0708045409415278,-0.165979430532256,0.124738360254443,-0.410462124121548,0.0785032630570355,0.183313883995214,0.385519179581036,0.0698985291221859,0.407364186656031,0.213846358957705
RANBP2,0.01862548691002942,0.0721833848967496,0.7963836676646815,0.0231673696553536,0.0826533998978581,-0.138830317344235,0.185165056654942,0.779250862313793,0.0231672710561196,0.082653484321549,-0.138830581410862,0.185165123523102,0.77925199709743,0.0,0.713381066732609,0.911020376820626,0.900784192811405
NR4A2,0.05021802925912859,0.07205267891799297,0.48582614043623507,0.0566688318578883,0.0869268402551947,-0.11370464433216,0.227042308047936,0.514456595625059,0.0566690144727367,0.0869327174153792,-0.113715980739604,0.227054009685078,0.514483674188686,0.0,0.631128651145052,0.735176431276875,0.725241614637999
CHD1,0.07809924445467975,0.07185237198638206,0.2770631594954243,0.0830202762925815,0.0815268333989578,-0.076769380942973,0.242809933528136,0.308526656719107,0.0830202762925815,0.0815268333989578,-0.076769380942973,0.242809933528136,0.308526656719107,0.0,0.854095124455091,0.590922784647594,0.602286684352355
REL,-0.05357563807820469,0.07276640744458789,0.46156710805799006,-0.0690729032931071,0.0849535630486187,-0.235578827226752,0.0974330206405382,0.416179884000066,-0.069082144100394,0.0849583684612235,-0.235597486469675,0.0974331982688876,0.416143892559946,0.0505420092886759,0.394860817212469,0.664198787456934,0.6420538162482
DNAJB14,-0.053758061675924985,0.07282359999729256,0.460395591420412,-0.0526308952857449,0.0832376116261846,-0.215773616232199,0.110511825660709,0.527192798664612,-0.0526308952857449,0.0832376116261846,-0.215773616232199,0.110511825660709,0.527192798664612,0.0,0.855929354715154,0.735176431276875,0.725241614637999
TRA2A,0.03218892371310492,0.0718753301700342,0.6542659030111537,0.0636988989530643,0.081012658961393,-0.095082994903092,0.222480792809221,0.431701547526805,0.0636979069761973,0.0810162638336079,-0.095091052299669,0.222486866252064,0.431729211847007,0.0,0.66124565576026,0.664198787456934,0.6420538162482
TUBA1A,0.039966314653463585,0.07207382043048904,0.5792235939899182,0.0486766413105812,0.0787847988197412,-0.105738726905345,0.203092009526508,0.536678794832119,0.0486766413105812,0.0787847988197412,-0.105738726905345,0.203092009526508,0.536678794832119,0.0,0.73222430107993,0.735176431276875,0.725241614637999
TUBA1C,0.03141842438184124,0.07213658276038337,0.66316993665196,0.0201042273076685,0.0771521821568341,-0.1311112710484,0.171319725663737,0.794417297521911,0.0201042273076685,0.0771521821568341,-0.1311112710484,0.171319725663737,0.794417297521911,0.0,0.726205834711511,0.911020376820626,0.900784192811405
NFKBID,-0.09332424769172898,0.073959807788661,0.20701218648312403,-0.0136854788961603,0.0904730878880956,-0.191009472726955,0.163638514934634,0.879766091108811,-0.0136854984399551,0.0904731298787447,-0.191009574570909,0.163638577690999,0.879765976091277,0.133440811496336,0.300682124799766,0.97751775121253,0.95044682335311
GPR183,-0.1314816620025542,0.07394865375971726,0.07540173249927482,-0.118758407243713,0.0884470828039641,-0.292111504077115,0.0545946895896883,0.179367269929817,-0.118761107701252,0.0884502342503042,-0.292120381255979,0.0545981658534753,0.179372877021602,0.0,0.497519216108556,0.407364186656031,0.389928847673515
TGIF1,0.10940795598599024,0.07181059026342372,0.1276179199923638,0.121553803785508,0.0868464172734481,-0.0486620462567876,0.291769653827803,0.161620858546131,0.127588553746699,0.0943134650605674,-0.0572624410291894,0.312439548522588,0.176115134176918,0.0541692573757544,0.390507114404566,0.407364186656031,0.381141809352918
PER1,-0.044876901669867963,0.07256954673034725,0.5363126606826041,-0.0235290812208726,0.0849138650017713,-0.189957198412441,0.142899035970695,0.781708302168625,-0.0235290812208726,0.0849138650017713,-0.189957198412441,0.142899035970695,0.781708302168625,0.0,0.575982047417,0.911020376820626,0.900784192811405
TSC22D2,-0.0013264577585594037,0.0722167876893485,0.985345503551171,0.0062310401917717,0.084106072428676,-0.15861383264955,0.171075913033094,0.940942355119579,0.0062299135369803,0.084106851371247,-0.158616486003727,0.171076313077688,0.940953559863819,0.0,0.616158807360964,0.980159958191479,0.95044682335311
ZNF165,0.013095143566733466,0.07206889494933558,0.8558157118901566,0.0075873636971929,0.0960611979232917,-0.180689124544233,0.195863851938618,0.937044802627526,-0.0012907210663448,0.111545294589142,-0.219915481105974,0.217334038973284,0.990767665874001,0.230022196955108,0.204679839397292,0.992843667563991,0.95044682335311
CD276,0.11423357052023625,0.07137922869444474,0.10951530156551684,0.132001386898131,0.0784178026837064,-0.0216946821087018,0.285697455904964,0.0923153041465679,0.131224248222742,0.0794107700211538,-0.0244180010033129,0.286866497448796,0.098437921504329,0.054403664165065,0.389633902295287,0.281251204298083,0.247833870564038
NKG7,-0.3334175616027763,0.07970406050895082,2.874416810685828e-05,-0.219238143602805,0.130985051736084,-0.475964127518646,0.037487840313036,0.0941768708143345,-0.21924333042617,0.130991322848974,-0.475981605497418,0.0374949446450781,0.0941848403691595,0.194845782591226,0.263706200473607,0.277014236379881,0.247833870564038
CD69,-0.19314573107216942,0.07455766091426051,0.009582127183468089,-0.0797891826757702,0.0986093612722682,-0.273059979307915,0.113481613956374,0.418432265499443,-0.0964405009749691,0.119210417555367,-0.330088625965471,0.137207624015532,0.418518653302559,0.237842285812756,0.203207574137651,0.664198787456934,0.6420538162482
CD83,-0.22492091020806734,0.07689502683348193,0.0034441366360255846,-0.237077560152933,0.0924950466469714,-0.418364520329349,-0.0557905999765164,0.0103730837606975,-0.237077560152933,0.0924950466469714,-0.418364520329349,-0.0557905999765164,0.0103730837606975,0.0,0.725062659378174,0.111087333171149,0.0971302477585622
LY9,-0.2784030745220477,0.07590289996826743,0.0002445655556694816,-0.24510657887419,0.0978172891436331,-0.436824942661051,-0.0533882150873282,0.0122188779311761,-0.245110031219655,0.0978194901437647,-0.436832708887505,-0.0533873535518054,0.0122196066488264,0.260469219039173,0.167605547469912,0.111087333171149,0.098272484448326
MS4A1,-0.31700426604860127,0.07704751188445202,3.881881632180516e-05,-0.252156543000105,0.133425563170763,-0.513665841431773,0.0093527554315635,0.058775775887157,-0.252158884398018,0.133427415286706,-0.513671812910231,0.0093540441141948,0.0587769377774936,0.287346729670016,0.189238148299158,0.202679095784461,0.183674299647366
TAGAP,-0.2500691306048319,0.0760455427420283,0.0010075401651926988,-0.252693775471815,0.0929652161080597,-0.434902250858595,-0.0704853000850352,0.0065647272509488,-0.252694973682178,0.092966425223585,-0.434905818891841,-0.0704841284725157,0.0065651729775979,0.0636678223099182,0.379927916839259,0.0937881853942561,0.0729414138994312
CMKLR1,-0.16338167893189928,0.07456170195546193,0.028435307158140417,-0.0965082447745021,0.0888268598004465,-0.270605690843166,0.0775892012941617,0.27726848606246,-0.127393758781774,0.106734987952981,-0.336590491059934,0.0818029734963857,0.232653258115304,0.154977784862734,0.275981751717105,0.474802567582254,0.565854053188694
TIGIT,-0.35708612343211715,0.07963699665022109,7.328327746144739e-06,-0.187375464510232,0.122022069353548,-0.426534325762234,0.05178339674177,0.124639782801217,-0.333622668139004,0.182294017754291,-0.690912377534519,0.0236670412565115,0.0672297495572487,0.424171140707337,0.0592712806547627,0.216870159862092,0.303999470246871
CXCR4,-0.1447023509701558,0.0676787670310363,0.032510571293547896,-0.136696251546275,0.0786849648752472,-0.290915948826559,0.0175234457340089,0.0823412673174373,-0.136696251546275,0.0786849648752472,-0.290915948826559,0.0175234457340089,0.0823412673174373,0.0,0.839932729581525,0.249518991871022,0.228725742548437
NR4A1,0.04730718718998613,0.0678486819085372,0.4856491774379954,0.0301601991078872,0.0836229206763082,-0.133737713699727,0.194058111915501,0.718346866310742,0.030160243246241,0.0836231956764984,-0.133738208551841,0.194058695044323,0.718347358452018,0.15755052188101,0.265163707316669,0.886848590681503,0.876229368846761
SDCBP,0.03956160653701534,0.0678632118562853,0.5599195478720295,0.0671025527134661,0.0750462328959855,-0.0799853609380705,0.214190466365003,0.371241899880967,0.0671012199972561,0.0750497827985281,-0.0799936513354126,0.214196091329925,0.371274026600828,0.0305418135231063,0.419086712034765,0.649404431871054,0.6420538162482
CCR7,-0.21192538020232637,0.07283160034082461,0.003616602737618276,-0.0790669106282191,0.100287804910686,-0.275627396341742,0.117493575085304,0.430462740286941,-0.100760233612496,0.108008183545114,-0.312452383396512,0.11093191617152,0.350874474769088,0.144394481934653,0.299104807632051,0.626561562087658,0.6420538162482
CXCL13,-0.396470825642984,0.07739211787126843,3.00897821411649e-07,-0.262282834033981,0.134077766807032,-0.525070428103323,0.0005047600353605,0.0504416805554761,-0.394266529856087,0.201058156451835,-0.788333275299704,-0.0001997844124699,0.049883963432134,0.44323759463373,0.0832299651614228,0.184755420119015,0.16813893518492
CD27,-0.22960431017201466,0.07436360660729416,0.0020178682281934597,-0.0855899643259081,0.105338984535475,-0.292050580183462,0.120870651531646,0.416493682130817,-0.198340653156737,0.150671775971979,-0.493651907548502,0.0969706012350293,0.188047999701025,0.44416305467594,0.0372474015436243,0.408799999350055,0.6420538162482
PSMB10,-0.28018706754023204,0.07553439308955594,0.00020775327373393474,-0.271016188188137,0.0882773957874177,-0.444036704580463,-0.0979956717958101,0.0021402156380264,-0.289443517715293,0.110403169295506,-0.505829753313563,-0.0730572821170233,0.0087493505249819,0.343315266242288,0.0716129129317954,0.109366881562275,0.0395288861484481
SIGLEC14,-0.1531254907259715,0.07385710148924364,0.03814743869413235,-0.0521791284894426,0.132476846160088,-0.311828975748669,0.207470718769784,0.693674383589237,-0.052179374376812,0.132478251171163,-0.311831975407143,0.207473226653519,0.693676097414633,0.0504638723972004,0.393077578452532,0.868498363075753,0.867092979486546
RUBCNL,0.019609040357876216,0.10258753428219701,0.8484124041322643,0.0011024396711898,0.122913211061794,-0.239803027234097,0.242007906576477,0.992843667563991,0.0011024396711898,0.122913211061794,-0.239803027234097,0.242007906576477,0.992843667563991,0.0,0.995789825911361,0.992843667563991,0.992843667563991
FCMR,-0.39288586470462816,0.11131903343083192,0.00041655302122376277,-0.328003877488451,0.163409489874072,-0.648280592373695,-0.0077271626032077,0.044722933594063,-0.378239408356352,0.244735442572289,-0.857912061538509,0.101433244825804,0.122224596754262,0.535914377269763,0.0277221326032396,0.313396401934006,0.166417665307983
BORCS5,0.013734667705312745,0.10250254079680975,0.8934077644383476,-0.0168583472148492,0.162950901602326,-0.336236245603738,0.30251955117404,0.917600588070397,-0.0168583472148492,0.162950901602326,-0.336236245603738,0.30251955117404,0.917600588070397,0.0,0.615221990541903,0.980159958191479,0.95044682335311
IQCN,0.15088752953486692,0.1230087075621322,0.21995753528469206,0.140640369043553,0.157841477727619,-0.168723242569161,0.450003980656267,0.372916892454211,0.183127567750827,0.229013497050107,-0.265730638440952,0.631985773942606,0.42392139174762,0.484466285314846,0.0498238088715873,0.664198787456934,0.6420538162482
CEMIP2,0.06184325165433701,0.12243752724928342,0.6134882764732159,0.0930839999836455,0.154027392225109,-0.208804141410192,0.394972141377483,0.545621563043384,0.0930839999836455,0.154027392225109,-0.208804141410192,0.394972141377483,0.545621563043384,0.0,0.63641042906026,0.737326436545114,0.727495417391179
TENT5C,-0.21833866710337996,0.12531799539160487,0.0814599775588646,-0.227691885363392,0.166519853808691,-0.554064801539301,0.0986810308125166,0.171513814208813,-0.284945168909978,0.220381921075941,-0.716885797062571,0.146995459242615,0.196024642449092,0.42835333297266,0.0819047415996809,0.417073707338494,0.381141809352918
PRMT9,-0.05046366157339739,0.0866353442370291,0.5602410287361544,-0.084130247790308,0.106156476787192,-0.292193119018866,0.12393262343825,0.428062383913099,-0.0841301251885322,0.106157213983854,-0.292194441295997,0.123934190918933,0.428066264767397,0.024025201447304,0.422256882116543,0.664198787456934,0.6420538162482
CCL5,-0.4231105681576487,0.09988993681115978,2.277721583624556e-05,-0.349142891770085,0.123147255059708,-0.59050707648208,-0.10777870705809,0.0045801901619093,-0.376181725627429,0.18196860962723,-0.732833646813629,-0.0195298044412287,0.0387069194814118,0.416598045141138,0.0511277048725761,0.173803993431469,0.0572523770238662
