Gene,coef.FL,se.FL,Pval.FL,Cancer_type,Coef.fixed,SE.fixed,CI_lower.fixed,CI_upper.fixed,Pval.fixed,Coef,SE,CI_lower,CI_upper,Pval,I2,Q_Pval,FDR,FDR.fixed
ITGAL,0.013426467420034114,0.14847195743253955,0.927944724038071,Kidney,0.0237046561987204,0.149833175594279,-0.269962971655331,0.317372284052772,0.874293693345305,0.0237046561987204,0.149833175594279,-0.269962971655331,0.317372284052772,0.874293693345305,0.0,0.767329179053223,0.988412804302764,0.988412804302764
HERPUD1,0.008048382076414723,0.14851562444879,0.9567820691002774,Kidney,0.0961855962435658,0.161975103996598,-0.221279773981896,0.413650966469028,0.552626151031133,0.0961855962505779,0.161975120787689,-0.221279806884817,0.413650999385973,0.552626192179588,0.0543876554693395,0.3657791863895,0.988412804302764,0.988412804302764
USP36,-0.03937620899104943,0.14876084725996974,0.7912446547263954,Kidney,-0.0410539549796103,0.157667297781102,-0.350076180170321,0.267968270211101,0.794568007619045,-0.0410539549796103,0.157667297781102,-0.350076180170321,0.267968270211101,0.794568007619045,0.0,0.651612959905078,0.988412804302764,0.988412804302764
SLC2A3,-0.07969101933390106,0.15067927314497562,0.5968897771899118,Kidney,-0.0746617823145294,0.156927677934958,-0.382234379244548,0.232910814615489,0.634236878267469,-0.0746617823145294,0.156927677934958,-0.382234379244548,0.232910814615489,0.634236878267469,0.0,0.644309868139884,0.988412804302764,0.988412804302764
PTPRC,-0.017119125541584068,0.14870931754278988,0.9083515591061723,Kidney,-0.0048772879524329,0.152447095934401,-0.303668105531581,0.293913529626715,0.9744773820724,-0.0048772879524329,0.152447095934401,-0.303668105531581,0.293913529626715,0.9744773820724,0.0,0.66121094995313,0.988412804302764,0.988412804302764
DNAJA1,0.004225187046238859,0.14852274989860978,0.9773047775391808,Kidney,0.0110113868262148,0.155644544232588,-0.294046314259809,0.316069087912238,0.943599102399976,0.0110113868262148,0.155644544232588,-0.294046314259809,0.316069087912238,0.943599102399976,0.0,0.467650765950615,0.988412804302764,0.988412804302764
LAG3,0.1419823131695958,0.14568857417865586,0.3297783714212,Kidney,0.145383533608078,0.151564478144771,-0.151677384891282,0.442444452107438,0.337448409322278,0.145383533608078,0.151564478144771,-0.151677384891282,0.442444452107438,0.337448409322278,0.0,0.935474766230974,0.988412804302764,0.988412804302764
EZR,0.04232337268732677,0.14837378274810645,0.7754539011397088,Kidney,0.0616187388262911,0.155259062724735,-0.242683432387635,0.365920910040217,0.691458223645112,0.061615727388265,0.155262179944003,-0.242692553463157,0.365924008239687,0.691478403519688,0.175290460329171,0.303343972968186,0.988412804302764,0.988412804302764
CREM,0.14101160843607388,0.14996105137421345,0.3470526483394638,Kidney,0.146000908984469,0.156415790628437,-0.160568407260625,0.452570225229562,0.350605528164591,0.146000908984469,0.156415790628437,-0.160568407260625,0.452570225229562,0.350605528164591,0.0,0.804445615940314,0.988412804302764,0.988412804302764
GZMB,0.07962926530638656,0.14601856774764027,0.5855220548506842,Kidney,0.134397551825849,0.150311859217779,-0.160208278690253,0.429003382341951,0.371255154464155,0.134396408830942,0.150322729957607,-0.160230727943708,0.429023545605591,0.371293815241949,0.0629323971975168,0.343984436418064,0.988412804302764,0.988412804302764
SMCHD1,-0.0177338462528061,0.14869801057682458,0.9050687252605084,Kidney,-0.0091956433675633,0.164160486079764,-0.33094428376849,0.312552997033364,0.95532891747543,-0.0091957170520073,0.164168853218569,-0.330960756743645,0.31256932263963,0.955330834275563,0.428207438282206,0.154601365312723,0.988412804302764,0.988412804302764
ALG13,0.20299331441053767,0.15054040784208336,0.17751988067093566,Kidney,0.194782250642047,0.152742637950017,-0.104587818643627,0.494152319927722,0.202227251680766,0.194782250642047,0.152742637950017,-0.104587818643627,0.494152319927722,0.202227251680766,0.0,0.518025229456119,0.988412804302764,0.988412804302764
CD276,0.297971915882411,0.14959051883031096,0.04638015191218577,Kidney,0.284264660522005,0.155753427711961,-0.0210064482621016,0.589535769306111,0.0679868317897531,0.338996476166521,0.245339815881442,-0.141860726934792,0.819853679267834,0.167050747787542,0.422897779073694,0.157833554357225,0.988412804302764,0.929153367793292
ARRDC2,-0.0703634378381539,0.14892986548892018,0.6365983254348349,Kidney,-0.0627717999773103,0.150124824725616,-0.357011049624906,0.231467449670285,0.67585155074157,-0.0627717999773103,0.150124824725616,-0.357011049624906,0.231467449670285,0.67585155074157,0.0,0.877537835970197,0.988412804302764,0.988412804302764
AREG,-0.47810314835835593,0.17538668225166942,0.006410804757639991,Kidney,-0.403712047188427,0.202387078282767,-0.800383431558938,-0.0070406628179154,0.046069925166077,-0.346709969077103,0.333386516452905,-1.00013553425607,0.30671559610186,0.298356634887368,0.522980624548011,0.122904099547562,0.988412804302764,0.888864578368125
CD69,-0.12278045396021253,0.15620265791248492,0.4318481162174902,Kidney,-0.0777651523579077,0.178270567440671,-0.427169044045142,0.271638739329326,0.662677259158103,0.0178224190598214,0.265545543377257,-0.502637282214722,0.538282120334365,0.946489163478812,0.38417627040104,0.197139970805124,0.988412804302764,0.988412804302764
CD83,-0.11083800673764582,0.1552739096327937,0.47533695919597585,Kidney,-0.10302878456821,0.161048041823181,-0.418677146322345,0.212619577185925,0.522342008021212,-0.10302878456821,0.161048041823181,-0.418677146322345,0.212619577185925,0.522342008021212,0.0,0.862739715441055,0.988412804302764,0.988412804302764
STAT1,0.05710612353918415,0.14870337703644662,0.7009583772498122,Kidney,0.0876619527672886,0.15589670806393,-0.217889980346368,0.393213885880945,0.573906246987945,0.0876603157408505,0.155898478326045,-0.217895087022796,0.393215718504497,0.573917749746618,0.0,0.531960883837862,0.988412804302764,0.988412804302764
PRDM2,0.17337541345854052,0.14986730213831015,0.2473297643487089,Kidney,0.167172869047132,0.149733435546256,-0.126299271904978,0.460645009999243,0.264221061082228,0.167172869047132,0.149733435546256,-0.126299271904978,0.460645009999243,0.264221061082228,0.0,0.544738855765747,0.988412804302764,0.988412804302764
NR4A3,-0.4035323281020101,0.16086089684909685,0.012121773070238016,Kidney,-0.329422016857601,0.171106788348893,-0.664785159531748,0.0059411258165466,0.054199059656593,-0.357288652955269,0.205954526466866,-0.760952107283328,0.0463748013727908,0.0827773198289507,0.0550756332710323,0.347050228662744,0.988412804302764,0.888864578368125
YPEL5,0.22180977049541625,0.14970584951162527,0.13843682889488937,Kidney,0.242856710823488,0.158781756892591,-0.068349814087985,0.554063235734961,0.126140517758552,0.242856710823488,0.158781756892591,-0.068349814087985,0.554063235734961,0.126140517758552,0.0,0.969892512831547,0.988412804302764,0.988412804302764
CD274,-0.15230085340051763,0.1586024345209987,0.336920316630504,Kidney,-0.104956973821476,0.167977827013866,-0.434187464969953,0.224273517327001,0.532085029555156,-0.104956714849487,0.167979728142827,-0.434190932142258,0.224277502443284,0.532090683233432,0.0,0.47902274496922,0.988412804302764,0.988412804302764
HSPH1,0.12320465798701452,0.15026266856080522,0.4122568171639561,Kidney,0.117990735123773,0.151821223486507,-0.179573394998588,0.415554865246133,0.437059120906011,0.117988560246783,0.151830832813433,-0.179594403810268,0.415571524303835,0.437096587610913,0.039650173270487,0.372919583880241,0.988412804302764,0.988412804302764
CXCR4,0.011316383625347226,0.1484378206328531,0.9392309244736338,Kidney,0.0134127437976252,0.156990143894241,-0.294282284162849,0.321107771758099,0.931914096047539,0.0134127437976252,0.156990143894241,-0.294282284162849,0.321107771758099,0.931914096047539,0.0,0.949446382262143,0.988412804302764,0.988412804302764
LY9,-0.11731573113631161,0.15208269500199809,0.440473225046097,Kidney,-0.124201447104522,0.158621768895495,-0.435094401303727,0.186691507094684,0.433624883174464,-0.124201447104522,0.158621768895495,-0.435094401303727,0.186691507094684,0.433624883174464,0.0,0.998909909685686,0.988412804302764,0.988412804302764
NR4A1,-0.25680727530245995,0.1524883468676502,0.09216025314285,Kidney,-0.254984971572981,0.161207216770692,-0.570945310491479,0.0609753673455175,0.113713090274258,-0.254984971572981,0.161207216770692,-0.570945310491479,0.0609753673455175,0.113713090274258,0.0,0.478099368352081,0.988412804302764,0.988412804302764
CKS2,0.14798323465095548,0.1471045890803201,0.3144285914194122,Kidney,0.177833082528875,0.168706367236946,-0.152825321218127,0.508491486275877,0.291837947995722,0.153240179656489,0.258205568862765,-0.352833435922207,0.659313795235186,0.552859086361681,0.445659388956576,0.16464806084856,0.988412804302764,0.988412804302764
DDX27,-0.010850319706512951,0.14876502738697986,0.9418570802277824,Kidney,0.0022824869050338,0.157164605920289,-0.305754480343162,0.31031945415323,0.988412804302764,0.0022824869050338,0.157164605920289,-0.305754480343162,0.31031945415323,0.988412804302764,0.0,0.581936365477037,0.988412804302764,0.988412804302764
CCR7,-0.18079747089192907,0.15938993246625222,0.25666486060298016,Kidney,-0.0531222466684988,0.166022675184005,-0.378520710646141,0.272276217309143,0.748991203586053,-0.371503546612814,0.403058499734882,-1.16148368975593,0.418476596530302,0.356679219925057,0.630478618485825,0.0667899039382684,0.988412804302764,0.988412804302764
JUND,-0.15829658198115865,0.15368465071048454,0.303005754518357,Kidney,-0.125270096173452,0.162665761212116,-0.444089129666993,0.193548937320088,0.44123622418767,-0.125270416381125,0.162666521709935,-0.444090940423,0.19355010766075,0.441237192140721,0.084762630844757,0.335339197542569,0.988412804302764,0.988412804302764
ZNF331,-0.32050588232534155,0.15363221921071266,0.03696148471125545,Kidney,-0.3342127767664,0.163974145491159,-0.655596196324803,-0.0128293572079975,0.0415295249619162,-0.3342127767664,0.163974145491159,-0.655596196324803,-0.0128293572079975,0.0415295249619162,0.0,0.726050122889049,0.988412804302764,0.888864578368125
ZNF141,0.004450106576777785,0.14846286896846161,0.9760873561808189,Kidney,0.0615416900351085,0.181924827448869,-0.295024419658339,0.418107799728556,0.735151533699939,0.116862827808331,0.406132209567881,-0.67914167590639,0.912867331523052,0.773541346990255,0.560638522077721,0.102691059830787,0.988412804302764,0.988412804302764
IDO1,-0.0976449235021325,0.15292650091553203,0.5231424980607937,Kidney,-0.0196933901952158,0.166836542749109,-0.346687005288646,0.307300224898214,0.906035941729243,-0.0196933901952158,0.166836542749109,-0.346687005288646,0.307300224898214,0.906035941729243,0.0,0.466402795995109,0.988412804302764,0.988412804302764
DNAJB1,0.11132504519770282,0.1500358187115773,0.45809352334862485,Kidney,0.121075644625951,0.165439651336456,-0.203180113608367,0.445331402860269,0.464265160644358,0.121075644625951,0.165439651336456,-0.203180113608367,0.445331402860269,0.464265160644358,0.0,0.472296510786928,0.988412804302764,0.988412804302764
KDM6B,-0.08027592436670686,0.14986607387385098,0.592199718989294,Kidney,-0.0460492561010902,0.162855693860759,-0.365240550745458,0.273142038543278,0.777359971021119,-0.175140536345137,0.243222753049935,-0.651848372543688,0.301567299853414,0.47147397816753,0.232046027947252,0.271740826262541,0.988412804302764,0.988412804302764
WDR74,0.12852359635130886,0.14756825630244425,0.38378506755024233,Kidney,0.150869092660682,0.156681520239984,-0.15622104405267,0.457959229374035,0.335596246284665,-0.0225204012299417,0.288685659879058,-0.588333897446075,0.543293094986191,0.937820007724081,0.554983504437102,0.0806160334776663,0.988412804302764,0.988412804302764
BTG1,0.15303753128986408,0.15082339101312786,0.3102582235594065,Kidney,0.171122359647823,0.160826475817076,-0.144091740714147,0.486336460009793,0.287320279243038,0.202700282380271,0.203879491593711,-0.196896178329739,0.602296743090281,0.320117649143319,0.3566289479182,0.19820887828633,0.988412804302764,0.988412804302764
SKIL,-0.053226500727159405,0.14900006162849241,0.7209236042160889,Kidney,-0.0358405456060135,0.151660978682609,-0.333090601684024,0.261409510471997,0.813184250338181,-0.0358405711804898,0.151671648702944,-0.333111540114071,0.261430397753091,0.813197019081501,0.322034851431992,0.219077900696716,0.988412804302764,0.988412804302764
SDCBP,0.1622070140292727,0.149986716131956,0.2794854895335864,Kidney,0.173129745220538,0.160650295682689,-0.141739048423244,0.487998538864319,0.281176212900501,0.173129745220538,0.160650295682689,-0.141739048423244,0.487998538864319,0.281176212900501,0.0,0.401339355760013,0.988412804302764,0.988412804302764
ARHGAP24,0.3261232346704552,0.14815184967253558,0.027716431801232806,Kidney,0.342362436870585,0.15760268606248,0.0334668483213527,0.651258025419818,0.0298320271707485,0.342362436870585,0.15760268606248,0.0334668483213527,0.651258025419818,0.0298320271707485,0.0,0.612807690294901,0.988412804302764,0.888864578368125
CXCL9,0.05636643896141659,0.14810884282601328,0.7035190552339234,Kidney,0.068223077431723,0.167291904861111,-0.259663031001156,0.396109185864602,0.683414199661457,0.068223077431723,0.167291904861111,-0.259663031001156,0.396109185864602,0.683414199661457,0.0,0.583781043209177,0.988412804302764,0.988412804302764
CD27,0.16955218077875242,0.1444808427550391,0.24058450595892478,Kidney,0.179015989008168,0.157771119814458,-0.130209723628722,0.488241701645059,0.256519370025794,0.179015989008168,0.157771119814458,-0.130209723628722,0.488241701645059,0.256519370025794,0.0,0.489167709414436,0.988412804302764,0.988412804302764
VPS37B,-0.037330420550028574,0.14915005639964413,0.8023648886516406,Kidney,-0.0392437203102034,0.153205615401377,-0.339521208726198,0.261033768105791,0.797834501371618,-0.0392437203102034,0.153205615401377,-0.339521208726198,0.261033768105791,0.797834501371618,0.0,0.958995434207217,0.988412804302764,0.988412804302764
WDR45B,0.2400896258878562,0.152506523006455,0.1154202208924747,Kidney,0.239044189421161,0.158130963069748,-0.070886803036178,0.548975181878501,0.130614041278029,0.140540701830576,0.225452323695704,-0.301337732843868,0.582419136505022,0.533039988891579,0.303599489023194,0.230081909915219,0.988412804302764,0.988412804302764
CALM2,0.3101905559884474,0.15124549950294444,0.040275938428271915,Kidney,0.304520504667796,0.152773637694369,0.0050896769996624,0.603951332335929,0.0462308896504244,0.304520504667796,0.152773637694369,0.0050896769996624,0.603951332335929,0.0462308896504244,0.0,0.710708402774233,0.988412804302764,0.888864578368125
GZMA,0.006579971526291309,0.14840971260939995,0.9646361543635439,Kidney,0.0037617697380752,0.149404070977534,-0.289064828521558,0.296588367997708,0.97991258957367,0.0037617697380752,0.149404070977534,-0.289064828521558,0.296588367997708,0.97991258957367,0.0,0.97486838197553,0.988412804302764,0.988412804302764
IL2RG,-0.05032449007756906,0.15015988873453912,0.7375199576120224,Kidney,-0.0334247769792218,0.15107384510277,-0.329524072386633,0.26267451842819,0.824899383500702,-0.0334249059381956,0.151076335657734,-0.329529082743639,0.262679270867248,0.824901558704506,0.0,0.557418868328759,0.988412804302764,0.988412804302764
C9orf72,-0.003934734099824556,0.14860065775361211,0.9788756199270604,Kidney,0.0303147869501735,0.155371995288913,-0.274208728022222,0.334838301922569,0.845306043367674,0.0303144642114525,0.155375299367465,-0.274215526635908,0.334844455058813,0.845310917511864,0.422485275096477,0.158084794124797,0.988412804302764,0.988412804302764
RILPL2,0.0960340948299132,0.14795613382312636,0.5162922272421372,Kidney,0.0990593494944706,0.14912845787047,-0.193227057001649,0.391345755990591,0.506527006780177,0.115493371287646,0.161777083133492,-0.201583885177941,0.432570627753234,0.47528629708933,0.0,0.589468163013444,0.988412804302764,0.988412804302764
ZFP36L2,0.1881960468291786,0.1493320847631143,0.207578497760814,Kidney,0.190220375198093,0.150016638474819,-0.103806833294319,0.484247583690504,0.204799670205624,0.190220375198093,0.150016638474819,-0.103806833294319,0.484247583690504,0.204799670205624,0.0,0.95468930982069,0.988412804302764,0.988412804302764
BANK1,-0.11777989981481048,0.15481740565809515,0.44679653161612687,Kidney,-0.0808615968860826,0.177412149237417,-0.428583019811265,0.2668598260391,0.64854540052018,-0.0808617268414405,0.17741370986788,-0.428586208546124,0.266862754863243,0.648547757113079,0.355184994955969,0.212071372726508,0.988412804302764,0.988412804302764
RANBP2,0.07809765166584186,0.14871893410149145,0.5994887194966643,Kidney,0.101314619308055,0.163763019499384,-0.219655000910269,0.422284239526378,0.536136384268781,0.101314619308055,0.163763019499384,-0.219655000910269,0.422284239526378,0.536136384268781,0.10594017157807,0.339995187605807,0.988412804302764,0.988412804302764
NR4A2,-0.0037463870426919033,0.1485762651957102,0.9798832764558515,Kidney,-0.0026923661042564,0.152976194443083,-0.302520197704695,0.297135465496182,0.985958034473607,-0.0026923661042564,0.152976194443083,-0.302520197704695,0.297135465496182,0.985958034473607,0.0,0.686040848547566,0.988412804302764,0.988412804302764
CD8A,0.010690893780568879,0.14850597209854965,0.9426101401557918,Kidney,0.0118232635885794,0.154044943443875,-0.290099277561925,0.313745804739084,0.938820805041483,0.0118232635885794,0.154044943443875,-0.290099277561925,0.313745804739084,0.938820805041483,0.0,0.967161936043761,0.988412804302764,0.988412804302764
CHD1,0.18213476803960513,0.14852028673612977,0.22007480803447887,Kidney,0.187947762759667,0.160346492115893,-0.126325586834818,0.502221112354152,0.24114279171683,0.198923196496897,0.189404448661255,-0.172302701390829,0.570149094384623,0.293600337027996,0.134986867078084,0.324915800362267,0.988412804302764,0.988412804302764
CCR5,0.04074123001765508,0.14639975239254033,0.7807916240555042,Kidney,0.0488667236508953,0.15774624240961,-0.260310230168465,0.358043677470255,0.756727814852956,0.0488667236508953,0.15774624240961,-0.260310230168465,0.358043677470255,0.756727814852956,0.0,0.800260470278159,0.988412804302764,0.988412804302764
REL,-0.16424459163631291,0.14942969237817322,0.27170572202365173,Kidney,-0.131943334600727,0.15118615317745,-0.428262749789684,0.164376080588231,0.382815154766859,-0.173486510110729,0.183257278608099,-0.532664176087425,0.185691155865968,0.343800447350067,0.211191751645426,0.283513478086335,0.988412804302764,0.988412804302764
DNAJB14,0.09242140364991766,0.14887114952939023,0.5347215252689606,Kidney,0.099569756747739,0.156970896519043,-0.208087547050548,0.407227060546027,0.525872099629324,0.11215462219033,0.218957972240032,-0.316995117528055,0.541304361908714,0.608497144251396,0.306945217400544,0.228091915857229,0.988412804302764,0.988412804302764
TRA2A,0.21133328937870471,0.14872154888150046,0.15531682117981838,Kidney,0.2129740734501,0.150040949314549,-0.0811007834126149,0.507048930312815,0.155770877996566,0.2129740734501,0.150040949314549,-0.0811007834126149,0.507048930312815,0.155770877996566,0.0,0.833936265055529,0.988412804302764,0.988412804302764
TAGAP,-0.216117975230883,0.16026086458340813,0.1774851872010565,Kidney,-0.212460965999587,0.161405019930398,-0.528808991987137,0.103887059987963,0.188066016120048,-0.212460965999587,0.161405019930398,-0.528808991987137,0.103887059987963,0.188066016120048,0.0,0.900689750527824,0.988412804302764,0.988412804302764
CD3D,0.015136105707213668,0.14783993759187175,0.9184537002001127,Kidney,0.0569725455771137,0.166473371020972,-0.269309266008964,0.383254357163192,0.732176165535879,0.0569725455771137,0.166473371020972,-0.269309266008964,0.383254357163192,0.732176165535879,0.0,0.966961026415311,0.988412804302764,0.988412804302764
TUBA1A,0.16799446796730608,0.14885572198999972,0.2590782348956792,Kidney,0.176458364438031,0.150435212783717,-0.118389234624674,0.471305963500736,0.240801510759724,0.176458364438031,0.150435212783717,-0.118389234624674,0.471305963500736,0.240801510759724,0.0,0.661349982168491,0.988412804302764,0.988412804302764
TUBA1C,0.16134621195183235,0.1500594372119777,0.2822783196705339,Kidney,0.157020976193875,0.154058838474825,-0.144928798716855,0.458970751104605,0.308095062059287,0.0922383692388921,0.208973740346978,-0.317342635555809,0.501819374033593,0.658932585559816,0.2454916249894,0.26405659837596,0.988412804302764,0.988412804302764
NFKBID,-0.11387231172417693,0.15486241651967605,0.46214903566439025,Kidney,-0.0704452411830482,0.159647585926408,-0.383348759817572,0.242458277451476,0.659028646331205,-0.0704452411830482,0.159647585926408,-0.383348759817572,0.242458277451476,0.659028646331205,0.0,0.717658386067489,0.988412804302764,0.988412804302764
CXCL10,-0.02759003736731285,0.14972017771476223,0.8537958828888785,Kidney,-0.0221288201790889,0.158000848025665,-0.331804791836178,0.287547151478001,0.888616477813023,-0.0221288201790889,0.158000848025665,-0.331804791836178,0.287547151478001,0.888616477813023,0.0,0.718794032456415,0.988412804302764,0.988412804302764
GPR183,-0.12304357651315871,0.15037141252823377,0.41320621841051086,Kidney,-0.0979904034600308,0.162212084755658,-0.41592024743828,0.219939440518218,0.545785015919885,-0.0979894252461349,0.16221431580947,-0.415923642009502,0.219944791517233,0.545794548586765,0.11704070933671,0.33427914748535,0.988412804302764,0.988412804302764
CXCR6,-0.05402130056867383,0.15222960074634848,0.7226890405965292,Kidney,-0.034540559717667,0.166135422804712,-0.360160004971237,0.291078885535903,0.835302324248705,-0.034540559717667,0.166135422804712,-0.360160004971237,0.291078885535903,0.835302324248705,0.0,0.990484427141656,0.988412804302764,0.988412804302764
CMKLR1,0.16516352845588467,0.14644086400876866,0.25938269621151777,Kidney,0.162091200630294,0.140710066852665,-0.113695462663152,0.43787786392374,0.249340921838592,0.162091200630294,0.140710066852665,-0.113695462663152,0.43787786392374,0.249340921838592,0.0,0.925371512939983,0.988412804302764,0.988412804302764
TGIF1,0.23852677354779855,0.15159289813264423,0.11561018809484086,Kidney,0.234652523036869,0.166130976730593,-0.0909582080715556,0.560263254145293,0.157816041877263,0.228638583801702,0.175064909760848,-0.114482334286314,0.571759501889718,0.191545153440534,0.0365582778834921,0.374404661057306,0.988412804302764,0.988412804302764
PER1,-0.12400251764158651,0.15079408121359997,0.41088902840535657,Kidney,-0.113237756148405,0.160046406395993,-0.426922948539612,0.200447436242801,0.479236701852462,-0.102701873221775,0.231400750930397,-0.556239011040877,0.350835264597326,0.657167753109088,0.334494251395034,0.211591165025359,0.988412804302764,0.988412804302764
CIITA,-0.13308502658482552,0.15225144972133053,0.3820565214271753,Kidney,-0.0947446785632201,0.152680430811359,-0.393992824097544,0.204503466971104,0.534900758601271,-0.0947456174045551,0.152682486300719,-0.393997791623994,0.204506556814884,0.534902209867169,0.28143662681274,0.243177101430315,0.988412804302764,0.988412804302764
PRF1,-0.06547751832960842,0.14941770390648038,0.6612283053348296,Kidney,-0.0470092684362233,0.162230777952991,-0.364975750408,0.270957213535553,0.771993822905732,-0.0470100224250887,0.162232483754491,-0.364979847706371,0.270959802856193,0.771992598162022,0.0,0.605166232822445,0.988412804302764,0.988412804302764
TIGIT,-0.045326529299468364,0.15064545591648462,0.763504358998812,Kidney,0.038715217915598,0.171534368609473,-0.297485966669787,0.374916402500983,0.821435162014889,0.0387112136163497,0.171539847926936,-0.297500710233922,0.374923137466621,0.821458926443034,0.0,0.420081851798808,0.988412804302764,0.988412804302764
TSC22D2,0.11063169838814596,0.1490467512701077,0.45792877833192525,Kidney,0.0898780430772511,0.160995570144964,-0.22566747607737,0.405423562231873,0.576664072501457,0.0168407667055964,0.254124508626185,-0.481234117790664,0.514915651201857,0.947163069245649,0.488121680452269,0.118584195633927,0.988412804302764,0.988412804302764
PDCD1LG2,0.09048814818663133,0.1453645036550452,0.5336188205004706,Kidney,0.0991787338751184,0.141587025101868,-0.178326736002711,0.376684203752948,0.483628232447909,0.0991773547538314,0.141590115022747,-0.178334171257635,0.376688880765298,0.483643856770116,0.0,0.613111263309278,0.988412804302764,0.988412804302764
CD3E,0.011874970813891276,0.14844743193317836,0.9362416693211495,Kidney,0.0076391934176732,0.169054594929738,-0.323701724065621,0.338980110900967,0.963957674176478,0.0076391934176732,0.169054594929738,-0.323701724065621,0.338980110900967,0.963957674176478,0.0,0.775530974285857,0.988412804302764,0.988412804302764
PSMB10,-0.04551216223325558,0.14881514863001963,0.7597339558792154,Kidney,-0.0030784759398801,0.158055964377086,-0.312862473660715,0.306705521780954,0.984460484356131,-0.0030786001934202,0.158056455991373,-0.312863561460552,0.306706361073711,0.984459905558542,0.413481819864154,0.163572205258662,0.988412804302764,0.988412804302764
CCL5,-0.026325746982011032,0.2413030497266903,0.9131245414159448,Kidney,-0.0319064413417345,0.279965996289435,-0.580629710964901,0.516816828281432,0.909265208505563,-0.0319064413417345,0.279965996289435,-0.580629710964901,0.516816828281432,0.909265208505563,0.0,0.441114664520647,0.988412804302764,0.988412804302764
BCL11A,0.09074814284359953,0.20872731063704875,0.6637301825510352,Lung,0.0797176813743489,0.232888510551263,-0.376735411719303,0.536170774468001,0.732125315826896,0.190289577762024,0.364827629010749,-0.524759435664185,0.905338591188232,0.601957479033105,0.545845631412456,0.110593442041622,0.802609972044141,0.976167087769195
ZNF141,0.1997889676954594,0.2196480807424787,0.36304052786489127,Lung,0.187493440084227,0.221241936964432,-0.24613278823594,0.621119668404394,0.396739407639805,0.187493440084227,0.221241936964432,-0.24613278823594,0.621119668404394,0.396739407639805,0.0,0.641776400444023,0.786244695892981,0.823499060679284
SKIL,0.15199152797458867,0.20584372733619416,0.4602816858676537,Lung,0.147293056764767,0.209451561130678,-0.26322445955705,0.557810573086585,0.481911130864769,0.147293056764767,0.209451561130678,-0.26322445955705,0.557810573086585,0.481911130864769,0.0,0.626561799892826,0.786244695892981,0.823499060679284
CALM2,-0.4892518724547245,0.24838113501123238,0.048865583763415814,Lung,-0.475466651655757,0.244941971246311,-0.955544093600773,0.0046107902892588,0.052241301588385,-0.475466651655757,0.244941971246311,-0.955544093600773,0.0046107902892588,0.052241301588385,0.0,0.917260940938919,0.41793041270708,0.41793041270708
CHD1,0.2659901627811551,0.2348191027923345,0.257321357535753,Lung,0.258326110048863,0.235206373424031,-0.202669910796516,0.719322130894243,0.2720754604024,0.258326110048863,0.235206373424031,-0.202669910796516,0.719322130894243,0.2720754604024,0.0,0.758071993903732,0.786244695892981,0.823499060679284
TRA2A,0.14331063341277195,0.20738272774651678,0.4895377581620993,Lung,0.146955123156486,0.225544494991379,-0.295103963937892,0.589014210250863,0.514686912924552,0.172356834407719,0.250489834735187,-0.318594220166636,0.663307888982075,0.491402934933113,0.0,0.387167516414989,0.786244695892981,0.823499060679284
TUBA1C,-0.011755378689882046,0.21211002506223914,0.9558029570797665,Lung,0.0044948268865879,0.219973038960383,-0.42664440704559,0.435634060818765,0.983697532020661,0.0044948268865879,0.219973038960383,-0.42664440704559,0.435634060818765,0.983697532020661,0.0,0.545358182909002,0.983697532020661,0.983697532020661
RUBCNL,-0.0323379207501813,0.21228898283989253,0.8789268873705813,Lung,-0.034186649196936,0.220444636252652,-0.466250196837166,0.397876898443294,0.876757909351047,-0.034186649196936,0.220444636252652,-0.466250196837166,0.397876898443294,0.876757909351047,0.0,0.911013834291733,0.983697532020661,0.983697532020661
ITGAL,-0.47579039467205886,0.1371045008591982,0.0005199247149419893,Melanoma,-0.515686741554943,0.19361399294489,-0.895163194629919,-0.136210288479966,0.0077337313410666,-0.539670481076997,0.250614197764613,-1.03086528271004,-0.0484756794439569,0.0312879237361102,0.381423255520082,0.137881984026218,0.240211606453963,0.0831417618775263
PTPRC,-0.48472699984979595,0.13133282256780918,0.0002235243081884301,Melanoma,-0.496865241124783,0.163971558227993,-0.818243589740563,-0.175486892509004,0.0024439862853487,-0.497035733186499,0.171160633186249,-0.832504409802619,-0.161567056570379,0.0036852955182341,0.0533033307522965,0.389027338239067,0.109642932443382,0.0670727124095964
LAG3,-0.2538489180598602,0.12212828613439027,0.037659356765493625,Melanoma,-0.167250904433264,0.217768664228485,-0.594069643282491,0.259567834415962,0.442474716579035,-0.199597469496534,0.345641899744884,-0.87704314454451,0.477848205551442,0.563622699068054,0.577457755366913,0.0504399785895121,0.803991203082371,0.707390824056338
GZMB,-0.5945635011565162,0.14960425315631554,7.060375862241349e-05,Melanoma,-0.414339506226625,0.226001582347749,-0.857294468077277,0.0286154556240269,0.0667508635286351,-0.452159032629208,0.276000307528565,-0.993109695107174,0.0887916298487574,0.10136839821471,0.19749637931182,0.288901779010365,0.327757820894228,0.202338555071175
STAT1,-0.3933648932364224,0.11914113141491312,0.0009611051561097783,Melanoma,-0.292836213303404,0.137461403999766,-0.562255614407255,-0.0234168121995535,0.0331455424970946,-0.416219224478153,0.238117028959336,-0.882920025344133,0.0504815763878276,0.0804708212809264,0.585618921179951,0.0133065746812397,0.312226786569994,0.139787722705138
CD274,-0.1888063505493953,0.11951574164604227,0.11416152765874016,Melanoma,-0.374737192607631,0.223708096605432,-0.813197005004284,0.0637226197890225,0.093911315876245,-0.402539614906964,0.261358920345889,-0.914793685823179,0.109714456009252,0.123516639329026,0.399480383770617,0.139154667976157,0.36951021828811,0.260268503999879
CCR7,-0.34463144074989055,0.12334171336837668,0.0052041303469985605,Melanoma,-0.3450422860325,0.256540343327345,-0.847852119535637,0.157767547470637,0.178630868736996,-0.3450422860325,0.256540343327345,-0.847852119535637,0.157767547470637,0.178630868736996,0.0,0.902465900689002,0.426306466571517,0.384349554437123
IDO1,-0.4719436554019231,0.12931538446180038,0.00026269461649331994,Melanoma,-0.313812938296808,0.223656443303009,-0.752171512081029,0.124545635487414,0.160586244390401,-0.371032394138345,0.319591280555145,-0.997419793799465,0.255355005522774,0.24565854704947,0.459213074115906,0.0996531405531113,0.529530645862191,0.372303423527491
CXCL9,-0.37403647977139365,0.12424084141160963,0.002607527916810957,Melanoma,-0.451206806056642,0.194712793160842,-0.832836867981088,-0.0695767441321956,0.020487716690553,-0.484348304741357,0.292736199417553,-1.0581007125709,0.0894041030881829,0.0980146854600315,0.5039236905747,0.059884590792596,0.327757820894228,0.116900501116685
GZMA,-0.2845351816638445,0.12134765480807691,0.019037624690988617,Melanoma,-0.332281656147765,0.183521346739446,-0.691976886151366,0.0274135738558357,0.070204559957207,-0.337548481988335,0.23916246007812,-0.806298290195449,0.131201326218779,0.158133374382062,0.361087671319425,0.152755081737015,0.403656245133158,0.206358858056033
IL2RG,-0.38366949798218436,0.13131397619210222,0.0034804622983055154,Melanoma,-0.439343942946672,0.188979643633474,-0.809737238279495,-0.0689506476138498,0.020081505633503,-0.457099995138896,0.247531834454974,-0.942253475697776,0.0280534854199839,0.0648006169650028,0.382222666298987,0.137305177361631,0.290136623048774,0.116900501116685
CD8A,-0.31812436757279333,0.12345726350179306,0.00997203523373176,Melanoma,-0.420219265948595,0.185018329924154,-0.782848529079686,-0.0575900028175043,0.0231330306066936,-0.428962873316639,0.233163014734541,-0.885953984723121,0.0280282380898428,0.0658041825471446,0.39882204138607,0.125479601614694,0.290136623048774,0.118100208886804
CCR5,-0.34936716370382964,0.12678696460600053,0.005859447583745571,Melanoma,-0.404666532098825,0.21354386371009,-0.823204814090131,0.0138717498924817,0.0580918368804546,-0.424054859098672,0.247044927814677,-0.908254020178736,0.0601443019813917,0.0860689094890271,0.153100922187619,0.315683362285835,0.321103239247524,0.194307178531176
CTLA4,-0.40700590090166033,0.12710683529460445,0.0013644042106002647,Melanoma,-0.289637749116021,0.214451019113322,-0.709954023026042,0.130678524794001,0.176823297872196,-0.280099664787244,0.388436889940533,-1.04142197933744,0.48122264976295,0.470851438323109,0.681658815927863,0.0136081815327958,0.736654669634541,0.384349554437123
CD3D,-0.2624989470362717,0.12167224844802638,0.03097243937691245,Melanoma,-0.449625779054824,0.196413251164122,-0.834588677422923,-0.0646628806867246,0.0220687504409541,-0.470692305320287,0.264816726701867,-0.989723552159733,0.0483389415191584,0.0754980705504384,0.424192780131402,0.122375640760601,0.305138035141355,0.118100208886804
CXCL10,-0.3280025909219976,0.12450831381940036,0.008429033699499001,Melanoma,-0.358326775493911,0.191845022461378,-0.734336110131489,0.0176825591436671,0.0617909401212764,-0.380133904296667,0.291350240863092,-0.951169883275397,0.190902074682064,0.19198421244614,0.515434249422653,0.0539653526914518,0.433080665285479,0.199790706392127
CXCL11,-0.2820287820399953,0.12042490059369511,0.01918341864989705,Melanoma,-0.142099428861047,0.246863842463139,-0.625943669173969,0.341744811451876,0.564872980163795,-0.197484637168527,0.474551638046579,-1.12758875654431,0.732619482207255,0.677300286107629,0.668809040251368,0.0285267739191968,0.871756594342657,0.756968871530485
CXCR6,-0.38957045673594454,0.14079978566020335,0.005660255499171128,Melanoma,-0.357880089399388,0.208064440244838,-0.765678898742756,0.049918719943981,0.0854243587947158,-0.458148613762182,0.328322381598203,-1.10164865701308,0.185351429488711,0.162888309398934,0.573638412724719,0.0288360226113592,0.405132461838374,0.243710670679042
CIITA,-0.3530221369372951,0.12443676765614291,0.0045545312350381145,Melanoma,-0.473755253976415,0.164494852409337,-0.796159240340948,-0.151351267611882,0.0039759789181445,-0.473755253976415,0.164494852409337,-0.796159240340948,-0.151351267611882,0.0039759789181445,0.0,0.549378241539032,0.109642932443382,0.0670727124095964
PRF1,-0.40076851440872857,0.12741620599915657,0.001658884572927742,Melanoma,-0.481588111811601,0.199927343840337,-0.873438505263417,-0.0897377183597857,0.0160043805076504,-0.546806969959263,0.303484129171808,-1.14162493301551,0.0480109930969811,0.0715824446559375,0.497484314582656,0.063322482788201,0.30189117963591,0.116900501116685
PDCD1,-0.250302132890146,0.11782788125007904,0.033644807046589634,Melanoma,-0.302665879818364,0.266712340851138,-0.825412462118965,0.220080702482237,0.256458002111667,-0.302665879818364,0.266712340851138,-0.825412462118965,0.220080702482237,0.256458002111667,0.0,0.519447395401554,0.540791874018079,0.497528524096633
PDCD1LG2,-0.14814878766470607,0.11802624928697249,0.2093992790648878,Melanoma,-0.131770621723301,0.215780668609908,-0.554692960758694,0.291151717312091,0.541418559071654,-0.176137487983557,0.27589215238008,-0.71687617026575,0.364601194298637,0.523194606752444,0.380697559736166,0.152225778215755,0.803991203082371,0.756968871530485
CD3E,-0.3317942459138869,0.1282167419824142,0.009660206508730815,Melanoma,-0.496065588638691,0.191866572619978,-0.872117160810987,-0.120014016466395,0.0097245863018248,-0.512009595992778,0.226013669121777,-0.954988247485214,-0.0690309445003422,0.023488624500444,0.270098375692252,0.222404805369342,0.232901169873506,0.0857531701160922
PSMB10,-0.4218073858265676,0.12989436060651166,0.001165010120098902,Melanoma,-0.540322319040847,0.170412906436492,-0.874325478157165,-0.206319159924529,0.001520901803388,-0.534529525540962,0.191439289568697,-0.909743638321543,-0.159315412760381,0.0052357122432115,0.309870950712486,0.180611926966223,0.109642932443382,0.0670727124095964
SIGLEC14,-0.12719132498615845,0.11662506124444451,0.2754488042771631,Melanoma,-0.140300815069735,0.21081063036869,-0.553482058150553,0.272880428011083,0.505711512703052,-0.145456078700532,0.240735456589636,-0.617288903418024,0.32637674601696,0.545700420109223,0.198587912947092,0.288202650729151,0.803991203082371,0.743242677760546
RGPD5,-0.05673942163652548,0.11791406437943447,0.6303793399461219,Melanoma,-0.0961688935778929,0.15631990227992,-0.402550272113356,0.210212484957571,0.538418889572967,-0.122659794141767,0.200341695530102,-0.515322301982456,0.270002713698922,0.540370413496222,0.340901967885483,0.167848632721629,0.803991203082371,0.756968871530485
HERPUD1,-0.5135285093604293,0.14137120878631407,0.00028070709929477834,Melanoma,-0.392775574196538,0.183500828265674,-0.752430588730529,-0.0331205596625469,0.0323178778887582,-0.527013773629456,0.349561830110782,-1.2121423710165,0.158114823757587,0.131646413901569,0.634002531597886,0.0117904535335271,0.371525285775286,0.139787722705138
USP36,-0.10871595869518823,0.1194573949705566,0.36277955894561775,Melanoma,-0.124538285418299,0.142496066794615,-0.403825444274359,0.154748873437761,0.382130777615853,-0.12453864262883,0.142499413086727,-0.40383236009691,0.15475507483925,0.382140589543526,0.0359845385485118,0.398574748910516,0.650309424310913,0.628248905571827
SLC2A3,-0.16382386278862707,0.12144696963676824,0.17735838774619522,Melanoma,-0.196199943428872,0.15672157799424,-0.503368591897867,0.110968705040123,0.210605839854784,-0.196241738738801,0.187745585916338,-0.564216325391194,0.171732847913593,0.295905803196559,0.198031287928169,0.278593958781693,0.585772712450331,0.425599301373209
DNAJA1,-0.159995339306303,0.11810028528842541,0.17549998027399927,Melanoma,-0.105691373544752,0.138335477576258,-0.376823927378366,0.165441180288862,0.444854023375635,-0.101249101784689,0.205974990618386,-0.504952665112702,0.302454461543323,0.623030304976776,0.488481432671379,0.0570811544889452,0.839154682155654,0.707390824056338
EZR,-0.2533557805779354,0.1222908901983616,0.038289044998025615,Melanoma,-0.269712257332569,0.130652004075899,-0.52578547982931,-0.0136390348358266,0.0389839686559809,-0.269712257332569,0.130652004075899,-0.52578547982931,-0.0136390348358266,0.0389839686559809,0.0,0.699750086539232,0.240211606453963,0.151257798385206
CREM,-0.1101515790545414,0.11902245519043278,0.35472206077009094,Melanoma,0.023957143339479,0.17403369455429,-0.317142630083373,0.365056916762331,0.890510655337211,0.0239571197121949,0.174033965299943,-0.317143184362386,0.365057423786776,0.890510931898517,0.0,0.531230636903824,0.944582074831681,0.928812188900102
SMCHD1,-0.2678496103951792,0.1304065786279654,0.039979775490810034,Melanoma,-0.245116866906549,0.16007718623208,-0.558862386667936,0.0686286528548374,0.125709661891831,-0.245116866906549,0.16007718623208,-0.558862386667936,0.0686286528548374,0.125709661891831,0.0,0.503623877817126,0.36951021828811,0.320890452723885
ALG13,0.05825010957221541,0.11588825022834175,0.6152171614759204,Melanoma,0.132583006074226,0.137821677644082,-0.137542518397063,0.402708530545516,0.336054880867502,0.131348595654571,0.138971390963728,-0.141030325515771,0.403727516824912,0.344583089737591,0.0,0.467459560985439,0.642779994318198,0.582095061502637
CD276,-0.06247208439928281,0.11668903032054635,0.5923923821266288,Melanoma,-0.0753693939557413,0.127915031387671,-0.326078248556887,0.175339460645404,0.555717377310503,-0.0753680461048664,0.12791641514586,-0.326079612822225,0.175343520612493,0.555728720130538,0.0,0.474877144334447,0.803991203082371,0.756968871530485
NKG7,-0.2975352804043904,0.12552145918808738,0.017769151077922922,Melanoma,-0.252017191368083,0.258831670954179,-0.759317944496596,0.255283561760431,0.330219346152003,-0.252017191368083,0.258831670954179,-0.759317944496596,0.255283561760431,0.330219346152003,0.0,0.631741535657444,0.628064246602828,0.582095061502637
ARRDC2,-0.12513690162776714,0.11930228832122985,0.2942213236091943,Melanoma,-0.0998815237354493,0.154570390307294,-0.402833921814045,0.203070874343146,0.518157642014365,-0.111343620102957,0.217219767739522,-0.537086541602576,0.314399301396661,0.608241566051456,0.460020524638326,0.0849899184518304,0.839154682155654,0.750168526498408
CD69,-0.31344613365964036,0.12434591891051343,0.011710191846968289,Melanoma,-0.317717008044278,0.192905768800066,-0.695805367302417,0.0603713512138606,0.0995567599452376,-0.317717008044278,0.192905768800066,-0.695805367302417,0.0603713512138606,0.0995567599452376,0.0,0.763567895967423,0.327757820894228,0.268250158741335
CD83,-0.3584822354995474,0.13941993305617892,0.010133480770827053,Melanoma,-0.455071602555927,0.191869712894771,-0.831129329553719,-0.0790138755581345,0.0177029137676836,-0.45726310370736,0.195296292840864,-0.840036803989642,-0.0744894034250786,0.0192125300461118,0.0513214558090189,0.383768872404906,0.232901169873506,0.116900501116685
PRDM2,-0.24317927832823039,0.12112260670218558,0.04467393335038566,Melanoma,-0.208351793032703,0.134538687103073,-0.47204277428203,0.0553391882166241,0.121468641093461,-0.208352844757114,0.134540562786884,-0.472047502279156,0.0553418127649284,0.121471953885422,0.157839439552485,0.305891434207774,0.36951021828811,0.318444815839614
NR4A3,-0.19179988898978886,0.11946508260566012,0.10838620815044714,Melanoma,-0.101957924586546,0.170785502845764,-0.436691359245807,0.232775510072715,0.550511370465356,-0.101957924586546,0.170785502845764,-0.436691359245807,0.232775510072715,0.550511370465356,0.0,0.667474814557534,0.803991203082371,0.756968871530485
YPEL5,0.02961798750493034,0.1151791032790908,0.7970651178343594,Melanoma,-0.204727887268574,0.209787407165444,-0.615903649722883,0.206447875185735,0.329122629342664,-0.201157154021803,0.219101642105346,-0.630588481501865,0.228274173458259,0.358566666809103,0.0787151512856836,0.361724755264005,0.6440919755645,0.582095061502637
BCL11A,-0.16080811613067916,0.1199916939670946,0.18019320409816086,Melanoma,-0.279178688109747,0.206138006918571,-0.683201757515015,0.12484438129552,0.175631426690512,-0.28019576718589,0.209075423415851,-0.68997606713342,0.12958453276164,0.18019139308693,0.0,0.470964316249384,0.426306466571517,0.384349554437123
HSPH1,-0.12646647168539507,0.11657317414279021,0.277980254166655,Melanoma,-0.0884931179747145,0.132693099878773,-0.348566814734086,0.171580578784657,0.504835579295423,-0.0723649972170133,0.17833629971183,-0.421897721788341,0.277167727354314,0.684905517994986,0.387242919907184,0.121172583529573,0.871756594342657,0.743242677760546
LY9,-0.46417277844261257,0.13296852118622843,0.00048149169683291983,Melanoma,-0.644302895199155,0.226101690586514,-1.08745406559234,-0.201151724805968,0.0043772101651932,-0.713937668972523,0.341647259279314,-1.3835539925768,-0.0443213453682506,0.0366454433708773,0.508181815374632,0.0868229230284809,0.240211606453963,0.0670727124095964
CKS2,-0.08882526032382443,0.11989556522251826,0.4587812042408558,Melanoma,0.127814802509626,0.176353546511653,-0.217831797199122,0.473461402218375,0.468596474180675,0.127813272168942,0.176358700187731,-0.217843428559307,0.473469972897192,0.468614794249136,0.353150247838163,0.171770821984451,0.736654669634541,0.711753147771598
DDX27,-0.13454130147479582,0.1205633352580739,0.26444833985495114,Melanoma,-0.0260793038140806,0.167119194865765,-0.353626906876311,0.301468299248149,0.875991942543912,0.0066895062662963,0.232787472801069,-0.449565556475896,0.462944569008488,0.977074714568749,0.449794265039709,0.0913568987276359,0.996290200179654,0.928812188900102
JUND,-0.1310807326525202,0.12043945319392356,0.2764389626355972,Melanoma,-0.0344476000113587,0.158947783580613,-0.345979531251827,0.27708433122911,0.828424421095774,-0.0344475944971831,0.15894779046838,-0.345979539237427,0.277084350243061,0.828424455452602,0.0,0.55831295230852,0.934385723010493,0.928812188900102
ZNF331,0.015301471634797921,0.1158459491393168,0.894917337132113,Melanoma,-0.175947235238864,0.16460365243933,-0.498564465743699,0.146669995265971,0.285108185570704,-0.19668774153168,0.220960414786189,-0.629762196521642,0.236386713458283,0.373385765398187,0.426411992497084,0.106552488205877,0.646757486493288,0.525596149624294
ZNF141,-0.016207113113170475,0.11672396215146046,0.8895687434839161,Melanoma,-0.0308616856181039,0.173207142341338,-0.370341446472228,0.308618075236021,0.858583261930049,-0.0308616856181039,0.173207142341338,-0.370341446472228,0.308618075236021,0.858583261930049,0.0,0.802515383543645,0.935759285474323,0.928812188900102
DNAJB1,-0.15337778279607042,0.12147667727022167,0.2067290310135493,Melanoma,-0.0248718129168191,0.156189450237445,-0.330997510147322,0.281253884313684,0.873478757134814,-0.0243571707321306,0.1575939183333,-0.333235574847946,0.284521233383684,0.877170934294912,0.0,0.472007776068949,0.944582074831681,0.928812188900102
KDM6B,-0.06561562942226612,0.11603282104053116,0.5717391794802276,Melanoma,-0.0418205801445148,0.126879469135373,-0.290499770027407,0.206858609738377,0.741695628557901,-0.0418205801445148,0.126879469135373,-0.290499770027407,0.206858609738377,0.741695628557901,0.0,0.71179692020876,0.877371658172152,0.887777425523252
WDR74,-0.14221616165749984,0.12322636192774608,0.24845711966541503,Melanoma,-0.0923218619989164,0.166269154938133,-0.418203417417567,0.233559693419734,0.578719915100758,-0.0923218619989164,0.166269154938133,-0.418203417417567,0.233559693419734,0.578719915100758,0.0,0.682340033279669,0.813562779199616,0.758592321145588
BTG1,-0.018719984424136735,0.11613311770232837,0.8719404530281237,Melanoma,0.0433046737805968,0.128674185295263,-0.208892095138151,0.295501442699345,0.73645980562526,0.0433046737805968,0.128674185295263,-0.208892095138151,0.295501442699345,0.73645980562526,0.0,0.903975878933003,0.877371658172152,0.887777425523252
SKIL,-0.17814605699444225,0.12276722755097916,0.14675534327127138,Melanoma,-0.113259139218817,0.153634010079915,-0.414376265775913,0.18785798733828,0.461000151723394,-0.113259139218817,0.153634010079915,-0.414376265775913,0.18785798733828,0.461000151723394,0.0,0.505954762064777,0.736654669634541,0.711753147771598
ARHGAP24,0.16513559051846236,0.11622583381218513,0.15537009230833065,Melanoma,0.24191823831723,0.168369120448356,-0.0880791738702331,0.571915650504694,0.150765569577986,0.241918881588436,0.168370345215353,-0.0880809310982311,0.571918694275103,0.150767454280568,0.0,0.579002898108552,0.395255217978786,0.365606506226615
CD27,-0.5205928332071724,0.1348074598757878,0.00011257730633303816,Melanoma,-0.576629654698522,0.200140707203256,-0.96889823265728,-0.184361076739765,0.0039626310494304,-0.622048164502848,0.275613004886485,-1.16223972775122,-0.0818566012544754,0.0240104298838666,0.425468688824809,0.12152437144666,0.232901169873506,0.0670727124095964
VPS37B,-0.11638362404724603,0.12205074954374073,0.34030263024946306,Melanoma,-0.0638457750173991,0.171998506160228,-0.400956652486136,0.273265102451337,0.710488878248196,-0.0638457750173991,0.171998506160228,-0.400956652486136,0.273265102451337,0.710488878248196,0.0,0.583645375349882,0.877371658172152,0.879506122845628
WDR45B,0.07762598606812127,0.11592057604141481,0.5030821846942574,Melanoma,-0.0363077868301771,0.149204837781518,-0.328743895201093,0.256128321540739,0.807740557962972,-0.0337788993768958,0.154102977961494,-0.335815186091793,0.268257387338001,0.82649664833927,0.0313234238437135,0.401810943557321,0.934385723010493,0.928011237593721
CALM2,0.03153560452683162,0.11586817514343299,0.7854928786260506,Melanoma,-0.0102976314208771,0.127364898607716,-0.259928245586596,0.239332982744842,0.93556012394165,-0.0102976314208771,0.127364898607716,-0.259928245586596,0.239332982744842,0.93556012394165,0.0,0.564364021196313,0.97579926905742,0.965418425769575
C9orf72,-0.13472486119337967,0.12295406380028065,0.27319550851010677,Melanoma,-0.179954297985163,0.166968424690447,-0.507206396933827,0.147297800963501,0.281134435314503,-0.179954297985163,0.166968424690447,-0.507206396933827,0.147297800963501,0.281134435314503,0.0,0.780269415496265,0.571192279887674,0.525596149624294
RILPL2,-0.25080369778618516,0.12543961908338083,0.045565330340596615,Melanoma,-0.257331917262564,0.183672698130789,-0.617323790542208,0.10265995601708,0.16120354420778,-0.252566403748106,0.216506629638982,-0.676911600254663,0.17177879275845,0.243391035081583,0.239961421150047,0.25391192607303,0.529530645862191,0.372303423527491
ZFP36L2,-0.17392017335272442,0.11914825161941255,0.14437376390577805,Melanoma,-0.17051044973233,0.12944696901319,-0.424221846906054,0.083200947441395,0.187764081027113,-0.17051044973233,0.12944696901319,-0.424221846906054,0.083200947441395,0.187764081027113,0.0,0.879420817096145,0.433080665285479,0.387513103396382
BANK1,-0.3231970050988267,0.12264994921388958,0.008410820735778599,Melanoma,-0.448529103902877,0.18836029357422,-0.817708495425739,-0.0793497123800146,0.0172549541327735,-0.459678074600176,0.228850428914295,-0.908216673118737,-0.0111394760816146,0.0445753496512509,0.245154356538222,0.250149426943601,0.240211606453963,0.116900501116685
RANBP2,-0.14234281597582413,0.11819390511987946,0.2284674487003425,Melanoma,-0.118541319188082,0.132893012625068,-0.379006837730241,0.141924199354077,0.372389899649258,-0.118541837811829,0.132894431732717,-0.379010137753872,0.141926462130213,0.3723929134133,0.0,0.534812356946741,0.646757486493288,0.622790004585828
NR4A2,-0.0775144918955753,0.118340118136245,0.5124584261129845,Melanoma,-0.0319291528631777,0.16738330594491,-0.359994404128451,0.296136098402096,0.848717778465472,-0.0319291528631777,0.16738330594491,-0.359994404128451,0.296136098402096,0.848717778465472,0.0,0.600620097245366,0.935518460353987,0.928812188900102
CHD1,0.03036161652314269,0.11560063465578511,0.7928262938828773,Melanoma,0.0646560604231153,0.148118703196256,-0.225651263278323,0.354963384124554,0.662462997588488,0.0646560604231153,0.148118703196256,-0.225651263278323,0.354963384124554,0.662462997588488,0.0,0.622716904861632,0.868363659001126,0.845511983764255
MS4A1,-0.45578567263102654,0.1294425956134231,0.00042969353992987537,Melanoma,-0.730387878126673,0.259234974507284,-1.23847909169411,-0.222296664559237,0.0048402988336822,-0.730387878126673,0.259234974507284,-1.23847909169411,-0.222296664559237,0.0048402988336822,0.0,0.561367863922449,0.109642932443382,0.0670727124095964
REL,-0.2275972442296654,0.12464693651821504,0.06786000478413486,Melanoma,-0.320855487408973,0.158852170522979,-0.632200020500027,-0.0095109543179184,0.0434003005516168,-0.320855487408973,0.158852170522979,-0.632200020500027,-0.0095109543179184,0.0434003005516168,0.0,0.649763509498348,0.240211606453963,0.156874592464151
DNAJB14,-0.014338032035399243,0.11632276222540115,0.9019006130921121,Melanoma,-0.0697155060578527,0.144728601634606,-0.353378352794525,0.213947340678819,0.630020359063913,-0.0697155060578527,0.144728601634606,-0.353378352794525,0.213947340678819,0.630020359063913,0.0,0.829963649475039,0.839154682155654,0.814826331055994
TRA2A,-0.017737941048767317,0.11652171850167085,0.879006617180616,Melanoma,0.0619594844288396,0.15478421402366,-0.241412000432874,0.365330969290553,0.688938596115713,0.0580614258346405,0.164379673042196,-0.264116813118534,0.380239664787815,0.723926991466864,0.0,0.423501018632084,0.877371658172152,0.867883686015898
TAGAP,-0.5309748778073505,0.1416222776260604,0.00017737642549957148,Melanoma,-0.589157279528906,0.199453817307862,-0.980079578031347,-0.198234981026465,0.0031383334015577,-0.604494440487965,0.218439348728005,-1.03262769680124,-0.17636118417469,0.0056516975486279,0.0677553058619225,0.373157252695684,0.109642932443382,0.0670727124095964
TUBA1A,-0.005291597591048175,0.1160473165835063,0.9636301684225405,Melanoma,0.0302048517289795,0.127828240789822,-0.220333896426186,0.280743599884145,0.813205723664601,0.0302048517289795,0.127828240789822,-0.220333896426186,0.280743599884145,0.813205723664601,0.0,0.556083698152223,0.934385723010493,0.928011237593721
TUBA1C,-0.07969795004151103,0.11659261879579769,0.4942535946344043,Melanoma,-0.0382146269009785,0.128472452569044,-0.290016006941835,0.213586753139878,0.766120029112844,-0.0382151087189664,0.12847601977259,-0.290023480350299,0.213593262912366,0.766123470862271,0.0,0.734329680862772,0.895349116549883,0.895345094264409
NFKBID,-0.3033228182766931,0.1332412577995862,0.022816506718828233,Melanoma,-0.206470728789137,0.193992143403012,-0.586688343142771,0.173746885564496,0.287181401341109,-0.206826237104627,0.277753639785612,-0.751213367659338,0.337560893450085,0.45648988764503,0.488775891368614,0.0817006589206486,0.736654669634541,0.525596149624294
GPR183,-0.20508779210524786,0.12459426840806183,0.0997544623176583,Melanoma,-0.329154363706738,0.173022498357657,-0.668272229002886,0.0099635015894105,0.0571216271955491,-0.329154363706738,0.173022498357657,-0.668272229002886,0.0099635015894105,0.0571216271955491,0.0,0.868409231536188,0.277039891898413,0.194307178531176
CMKLR1,-0.29331032044804617,0.12919391804946873,0.02318874490917049,Melanoma,-0.346113659667578,0.18747573997341,-0.713559357990458,0.0213320386553022,0.0648663077215919,-0.343299788290875,0.233503934904621,-0.800959090952318,0.114359514370567,0.141504924100982,0.306439108564259,0.2055428960426,0.381277156605424,0.202338555071175
TGIF1,0.10285602976215931,0.11591195331780511,0.3748832597025319,Melanoma,0.314748948501786,0.149873486319369,0.0210023130783661,0.608495583925206,0.035720256654646,0.314748948501786,0.149873486319369,0.0210023130783661,0.608495583925206,0.035720256654646,0.0,0.828581848763338,0.240211606453963,0.144369370645861
PER1,-0.08127802388590023,0.11771012823993475,0.4898841874698898,Melanoma,-0.0228254999628546,0.152735822462558,-0.322182211138571,0.276531211212862,0.881203048074559,-0.0207183145784889,0.158333786914998,-0.331046834467725,0.289610205310747,0.895892277159944,0.0,0.466692042305457,0.944582074831681,0.928812188900102
TIGIT,-0.5987068043051758,0.14345675731974436,3.0004723818415414e-05,Melanoma,-0.535043474633751,0.239006539892884,-1.00348768489334,-0.0665992643741622,0.0251810184520511,-0.571785940291075,0.295041780595291,-1.15005720419241,0.0064853236102632,0.052625302736813,0.260284962740677,0.255520913929245,0.268666019235308,0.122127939492448
TSC22D2,-0.12837011890350603,0.120196335888033,0.2855188898947921,Melanoma,-0.109423570022227,0.151322871856532,-0.406010948898199,0.187163808853744,0.46961032430291,-0.10942346981188,0.15132303796747,-0.406011174259309,0.187164234635549,0.469611218758871,0.0,0.602377197161815,0.736654669634541,0.711753147771598
ZNF165,0.09953208914054956,0.11558688589207229,0.38918191291419324,Melanoma,0.121240901953689,0.213254666981412,-0.296730564864961,0.539212368772339,0.569677604347685,0.152344673434334,0.317665216022416,-0.470267709110737,0.774957055979404,0.63152878141611,0.496610262107603,0.0935715950418796,0.839154682155654,0.756968871530485
CXCR4,-0.24738331134092487,0.10705963515172419,0.020849115078030642,Melanoma,-0.246897946430698,0.164785468784256,-0.569871530423389,0.0760756375619928,0.134055515485928,-0.246897946430698,0.164785468784256,-0.569871530423389,0.0760756375619928,0.134055515485928,0.0,0.649288436770965,0.371525285775286,0.333420128259872
NR4A1,-0.04892410309881407,0.10188271215287598,0.6310850143165216,Melanoma,-0.0076436451500451,0.172335367321043,-0.34541475836177,0.33012746806168,0.964622772762801,-0.0076436451500451,0.172335367321043,-0.34541475836177,0.33012746806168,0.964622772762801,0.0,0.531530296912614,0.995408605936081,0.984930620610439
SDCBP,0.11884281553778839,0.10114896802136729,0.24002328174466117,Melanoma,0.118607432564102,0.128966569023893,-0.134162397932428,0.371377263060631,0.357742202435211,0.118607331562286,0.12896966854912,-0.134168573892057,0.37138323701663,0.357754165563896,0.240722465085965,0.237293062096756,0.6440919755645,0.608789362038868
RUBCNL,0.07213381298895362,0.13418240960551717,0.5908668698483757,Melanoma,-0.0023284639214513,0.166388056667682,-0.328443062447717,0.323786134604815,0.988834626636323,-0.0023284639214513,0.166388056667682,-0.328443062447717,0.323786134604815,0.988834626636323,0.0,0.879840295208489,0.996290200179654,0.996290200179654
FCMR,-0.5485917451754543,0.1569223566199185,0.0004723881196387511,Melanoma,-0.45935527008058,0.197736813080796,-0.84691230213667,-0.071798238024491,0.0201757150717395,-0.544101195969762,0.323631140243967,-1.17840657512357,0.0902041831840438,0.092716560210907,0.613899352752423,0.023851938430351,0.327757820894228,0.116900501116685
PRMT9,-0.0009655629412173182,0.13431174606444163,0.9942640822566597,Melanoma,0.0007650702943672,0.16454676961642,-0.321740671926225,0.323270812514959,0.996290200179654,0.0007650702943672,0.16454676961642,-0.321740671926225,0.323270812514959,0.996290200179654,0.0,0.687471806886162,0.996290200179654,0.996290200179654
BORCS5,0.058698889287367925,0.13426398888275803,0.6619734750076103,Melanoma,-0.0406389614136688,0.201816176529529,-0.436191398909124,0.354913476081786,0.840412223580604,-0.0406389614136688,0.201816176529529,-0.436191398909124,0.354913476081786,0.840412223580604,0.0,0.455270689302205,0.935518460353987,0.928812188900102
IQCN,0.07308996007609488,0.1891346920470021,0.699167895710227,Melanoma,0.0708618269024851,0.222842695789063,-0.365901831061893,0.507625484866863,0.750492256627904,0.148422569241695,0.37468638842397,-0.585949257566672,0.882794396050062,0.69201296664314,0.615582682061299,0.0341259254366913,0.871756594342657,0.887777425523252
CEMIP2,0.07450530066354247,0.18908246989126531,0.69355445856159,Melanoma,0.0732529825761245,0.201571305138721,-0.321819515812502,0.468325480964751,0.71629880108046,0.0732529825761245,0.201571305138721,-0.321819515812502,0.468325480964751,0.71629880108046,0.0,0.671954759213496,0.877371658172152,0.879506122845628
TENT5C,-0.39341475184609914,0.19699141904393258,0.04581256281699655,Melanoma,-0.270768099909041,0.226899063557681,-0.715482092607961,0.173945892789879,0.232735602137414,-0.373753708617861,0.371082206914462,-1.10106146947385,0.353554052238124,0.313839048801729,0.586467076987359,0.046316151562842,0.608847754675354,0.460721498108757
CCL5,-0.5584719569382688,0.1874437295731996,0.0028880287692789434,Melanoma,-0.336444737237211,0.252244949710884,-0.83083575395266,0.157946279478238,0.182268860867089,-0.482691734214528,0.449274167306342,-1.36325292131918,0.397869452890125,0.282651849841323,0.62010121402329,0.0323982214829686,0.571192279887674,0.384349554437123
