Gene,coef.FL,se.FL,Pval.FL,Treatment,Coef.fixed,SE.fixed,CI_lower.fixed,CI_upper.fixed,Pval.fixed,Coef,SE,CI_lower,CI_upper,Pval,I2,Q_Pval,FDR,FDR.fixed
ITGAL,-0.16417240197572094,0.08018821436011687,0.040624880460401934,PD-(L)1,-0.120999746459302,0.0971160846948119,-0.311343774780675,0.069344281862071,0.212790461654807,-0.123950173857056,0.0992371545847232,-0.318451422771348,0.0705510750572351,0.211654135809095,0.0,0.458303384301729,0.542702912331013,0.54561656834566
PTPRC,-0.17780214185859836,0.08000333310703608,0.026253977706012243,PD-(L)1,-0.159909005108413,0.0941393687827318,-0.344418777449901,0.0246007672330759,0.0893868191472077,-0.159911903142728,0.0941413284717484,-0.34442551640411,0.0246017101186542,0.0893876818442428,0.0497784822885156,0.396685386160178,0.325484088007549,0.343795458258491
LAG3,-0.23997539342676663,0.08120545255949345,0.0031250334071594357,PD-(L)1,-0.193898184768118,0.103689214764007,-0.39712531129081,0.0093289417545734,0.0614846841504775,-0.301441912564412,0.171199127849664,-0.636986037334422,0.0341022122055979,0.0782777110781602,0.532808440649698,0.018443040725095,0.325484088007549,0.297034234641495
GZMB,-0.23885930543387787,0.08239992039504984,0.003746167192733925,PD-(L)1,-0.112971479988742,0.105469510262421,-0.319687921570165,0.0937449615926805,0.284111306992676,-0.164850341705235,0.167659427095972,-0.493456780481959,0.16375609707149,0.325486730318711,0.499431781565688,0.0426408099690628,0.635742314326831,0.604492142537609
CD276,0.14660922897601164,0.07678437669785701,0.05621531205125427,PD-(L)1,0.176507133425958,0.0838137201166047,0.0122352605870926,0.340779006264823,0.0352090797662177,0.176507133425958,0.0838137201166047,0.0122352605870926,0.340779006264823,0.0352090797662177,0.0,0.568382921644228,0.325484088007549,0.270839075124751
NKG7,-0.3129951488242498,0.08462818254782646,0.00021689940111494288,PD-(L)1,-0.182842847647893,0.138466691873685,-0.454232576778722,0.088546881482935,0.186673964926918,-0.182842888559794,0.138466801041952,-0.454232831656493,0.088547054536906,0.186674213709942,0.288669069505233,0.197781560244082,0.504524901918761,0.50452422953221
CD69,-0.15352911515037226,0.07930273455841554,0.05286921289539443,PD-(L)1,-0.0057787575823952,0.107495702025128,-0.216466462044495,0.204908946879705,0.957127945321193,-0.0097193406216618,0.130877011513445,-0.266233569592248,0.246794888348924,0.940800989051693,0.245965074889254,0.216953607320175,0.985014115444418,0.969626149415927
CD83,-0.19890284896489777,0.08132939643530168,0.01445932085113336,PD-(L)1,-0.221397483397691,0.0987803273200434,-0.415003367326054,-0.0277915994693285,0.0250059046924064,-0.221397483397691,0.0987803273200434,-0.415003367326054,-0.0277915994693285,0.0250059046924064,0.0,0.712717787599972,0.325484088007549,0.252211741554173
STAT1,-0.2729107931088116,0.07974040387431602,0.0006205021348153002,PD-(L)1,-0.21774959712696,0.0906111391443397,-0.395344166448014,-0.0401550278059071,0.0162557753515286,-0.302409120160258,0.137650464722395,-0.572199073471353,-0.0326191668491632,0.0280250905980605,0.46994050437912,0.0229321278016414,0.325484088007549,0.203197191894108
CD274,-0.24748866257881316,0.08133138439557744,0.002342585587680377,PD-(L)1,-0.300225928561261,0.106659295272812,-0.509274305912396,-0.0911775512101255,0.0048805684637898,-0.300226902173695,0.106660013386979,-0.509276687002734,-0.0911771173446569,0.0048807176419565,0.389016589971233,0.0742001467236448,0.292980725508517,0.146490362754259
LY9,-0.20796980672733203,0.07988875822164909,0.009234662237803752,PD-(L)1,-0.185624173779413,0.100230387386003,-0.382072123212477,0.0108237756536518,0.0640294099117038,-0.185625174190546,0.10023197080944,-0.382076227076518,0.0108258786954254,0.0640321780367002,0.0,0.49709754211562,0.325484088007549,0.297034234641495
IDO1,-0.30012509668722764,0.0828480542305557,0.00029166025345041187,PD-(L)1,-0.219855299611004,0.101848696786118,-0.419475077184136,-0.0202355220378722,0.0308776276453509,-0.214825252052397,0.126791531650852,-0.463332087632738,0.0336815835279435,0.0902047555267041,0.371038786521997,0.0942162227488116,0.325484088007549,0.262208752147424
CXCL9,-0.3035535422983472,0.08206050992630194,0.00021632888867765504,PD-(L)1,-0.182417228573437,0.126305724252772,-0.429971899150118,0.0651374420032441,0.148668250044589,-0.328825010977907,0.19208985928771,-0.705314216977186,0.0476641950213718,0.086928167608021,0.446304418858646,0.0539521982173919,0.325484088007549,0.424766428698827
GZMA,-0.24003650780165928,0.0812199751762296,0.003122764565831283,PD-(L)1,-0.196105242611412,0.103287865164182,-0.398545738373237,0.0063352531504131,0.0576133918313895,-0.21359650623901,0.137224858643482,-0.482552286963835,0.0553592744858142,0.119578830097456,0.337755446253939,0.119946881356953,0.362013984876972,0.297034234641495
IL2RG,-0.17135214536398533,0.08007913112567425,0.03237212401177308,PD-(L)1,-0.148351383849239,0.0962099690496211,-0.33691945814021,0.0402166904417316,0.123084678170926,-0.14835143016235,0.0962100187740626,-0.336919601911435,0.0402167415867348,0.12308475485817,0.0,0.464805300481669,0.362013984876972,0.397047348938471
CD8A,-0.27401485687156446,0.08160154640703929,0.0007851952887382493,PD-(L)1,-0.25841193656982,0.105504889289362,-0.465197719769855,-0.0516261533697856,0.0143138653972933,-0.294444209120718,0.138406691913515,-0.565716340490538,-0.0231720777508984,0.0333881741099241,0.339180891378338,0.11879138709745,0.325484088007549,0.203197191894108
MS4A1,-0.262748807162296,0.08141575760466864,0.0012498726124344395,PD-(L)1,-0.226427406459632,0.135750699105276,-0.492493887582106,0.0396390746628431,0.0953226871677086,-0.226430154414299,0.135753685164214,-0.492502488104749,0.03964217927615,0.0953259522592119,0.311562209736088,0.179254088703852,0.325484088007549,0.348730844326207
CCR5,-0.2378011562124634,0.08237417647401157,0.0038913072853367955,PD-(L)1,-0.202494558352345,0.103784861750476,-0.405909149523746,0.0009200328190558,0.0510452491054702,-0.236224021074214,0.133237990706582,-0.497365684231598,0.0249176420831697,0.0762373338860421,0.28384590680711,0.159001843838605,0.325484088007549,0.297034234641495
CTLA4,-0.14530988309923779,0.07952405202427928,0.0676630225630075,PD-(L)1,-0.0165061626751027,0.128118440914333,-0.267613692622617,0.234601367272412,0.897488066160396,-0.0722605161898014,0.218050804143695,-0.499632239111441,0.355111206731838,0.740347630698287,0.528878340799513,0.0378612105852398,0.909140529770521,0.958076088320797
TAGAP,-0.19434702657055067,0.08042758598904651,0.01567386345459449,PD-(L)1,-0.188575075094155,0.100464615670068,-0.385482103528147,0.0083319533398371,0.0605140128932517,-0.188575114658852,0.100465986574448,-0.385484830016055,0.0083346006983506,0.0605174692473748,0.0,0.453890113141325,0.325484088007549,0.297034234641495
CD3D,-0.1969172955449763,0.08104489160885495,0.015110027578195297,PD-(L)1,-0.188978629523631,0.104776415220821,-0.394336629785654,0.0163793707383924,0.0712882163139589,-0.216219752132755,0.126798633742453,-0.464740507556848,0.0323010032913389,0.0881531279536183,0.301220222829244,0.150993260361134,0.325484088007549,0.297034234641495
CXCL10,-0.3690773103767674,0.08510118718156398,1.4449110288214969e-05,PD-(L)1,-0.322151095381449,0.106370851280111,-0.530634132895332,-0.113668057867565,0.0024571776640493,-0.385993660293079,0.159565683661186,-0.698736653437515,-0.0732506671486434,0.0155620949125772,0.434393794181478,0.0535082023118641,0.325484088007549,0.146490362754259
CXCL11,-0.3640493942441432,0.08322733888976222,1.2190298058216992e-05,PD-(L)1,-0.360860808282595,0.161242673187058,-0.676890640500191,-0.0448309760649996,0.0252211741554173,-0.709752275523305,0.385590252227309,-1.46549528267855,0.045990731631935,0.0656669415853689,0.703587082975173,0.0090953301427316,0.325484088007549,0.252211741554173
CXCR6,-0.24348322867991495,0.08462747215203306,0.004013254121915748,PD-(L)1,-0.221600616544093,0.122249017356503,-0.461204287708252,0.0180030546200648,0.0698783282071539,-0.331497266328332,0.191086365660744,-0.706019660960041,0.0430251283033777,0.0827756435247076,0.492819313244054,0.0269004251456761,0.325484088007549,0.297034234641495
CMKLR1,-0.09701275116579729,0.07859446373283835,0.21707405280842323,PD-(L)1,-0.027034365457506,0.0937768831532341,-0.210833679020266,0.156764948105254,0.773129431413678,-0.0337467318687185,0.100420883396501,-0.230568046621557,0.16307458288412,0.736830954402321,0.0,0.534175266507974,0.909140529770521,0.920392180254379
CIITA,-0.15484965516680058,0.0794430165903181,0.05127255592688092,PD-(L)1,-0.150711928947809,0.0946653322252151,-0.33625257069375,0.0348287127981315,0.111373501762915,-0.150712359813134,0.0946659283009899,-0.336254169846125,0.0348294502198576,0.11137473143633,0.183842270917505,0.253023656350671,0.34804603573853,0.371245005876382
PRF1,-0.2120497868464137,0.08057133467705191,0.00849271800742032,PD-(L)1,-0.189915194224317,0.104465850845088,-0.394664499495023,0.0148341110463889,0.0690695794233699,-0.191302212457977,0.106230164966438,-0.399509509863945,0.0169050849479909,0.0717300580650989,0.304464375345887,0.148133306714397,0.325484088007549,0.297034234641495
TIGIT,-0.3041014089675686,0.08334707397680569,0.0002636575729604306,PD-(L)1,-0.175737860944086,0.127076511285667,-0.424803246344991,0.0733275244568186,0.166686472463267,-0.354762901519261,0.206053549837753,-0.758620438087885,0.0490946350493637,0.0851234333586275,0.473554820573177,0.0403220363638722,0.325484088007549,0.463017979064631
PDCD1,-0.22600177287821455,0.08107416885306513,0.0053101235954866365,PD-(L)1,-0.247941978556161,0.151636741641247,-0.545144530906011,0.0492605737936892,0.102027060156724,-0.327840080825121,0.196004633280734,-0.71200210285834,0.0563219412080991,0.0944033219695613,0.27257862469675,0.22046983406106,0.325484088007549,0.351817448816291
PDCD1LG2,-0.1378480516623735,0.07907850695024901,0.08130222221078012,PD-(L)1,-0.0915693590636295,0.0983383514074374,-0.284308986121251,0.101170267993991,0.351767546000894,-0.135272534687331,0.128616508513454,-0.38735625919099,0.116811189816328,0.292913829626482,0.405703994020348,0.0635407829014001,0.613521395912124,0.663712350945083
CD3E,-0.18259405429314807,0.08027269815953335,0.0229256167956779,PD-(L)1,-0.207645357827701,0.106733115182564,-0.416838419543291,0.0015477038878886,0.051719243374867,-0.219428841112588,0.119414943225085,-0.453477829049649,0.0146201468244737,0.0661313207785723,0.214380275964018,0.232900246845881,0.325484088007549,0.297034234641495
RGPD5,0.09399296678546445,0.07724129308361603,0.22365193514879753,PD-(L)1,0.172160823281763,0.116817438299573,-0.0567971485516305,0.401118795115156,0.140546324468623,0.172155025689706,0.11682285758631,-0.056813567750514,0.401123619129926,0.140578107736567,0.0,0.462916955141223,0.401651736390192,0.422083335719089
DDX3Y,0.005396678474330255,0.07830432234101904,0.9450538620518072,PD-(L)1,0.126283678369424,0.159609905508759,-0.186545988003584,0.439113344742433,0.428826117610482,-0.0039118091187473,0.288415471954,-0.569195746732709,0.561372128495214,0.989178540290641,0.396870962344085,0.173706485351739,0.99382649736449,0.718732665275368
HERPUD1,-0.07152232537919546,0.07871776067248898,0.3635655459028563,PD-(L)1,0.0096442178489955,0.0950275781669089,-0.176606412896211,0.195894848594202,0.919162590180813,0.0096442115760202,0.0950276208132496,-0.176606502754478,0.195894925906518,0.919162678734015,0.398772026222214,0.0614955155776279,0.97783263695108,0.967539568611382
USP36,0.04166840098210366,0.07721844854940099,0.5894610703509718,PD-(L)1,0.0512263298564686,0.0904216735593301,-0.125996893741656,0.228449553454593,0.571035505748213,0.0512263298564686,0.0904216735593301,-0.125996893741656,0.228449553454593,0.571035505748213,0.0,0.539137275332719,0.858153912537623,0.834642846440702
SLC2A3,-0.04202483938535709,0.07817399807359557,0.5908664976173456,PD-(L)1,-0.0320212821449765,0.0913879375561038,-0.211138348376335,0.147095784086382,0.726047157480409,-0.0320217431053486,0.0913903977803649,-0.211143631287653,0.147100145076956,0.726050450578126,0.0,0.560645646645162,0.909140529770521,0.914793548689206
DNAJA1,-0.20909377072103827,0.07976045756595125,0.008753818792796306,PD-(L)1,-0.216309282433746,0.0896959098497516,-0.392110035299811,-0.0405085295676816,0.0158833627976075,-0.216309282433746,0.0896959098497516,-0.392110035299811,-0.0405085295676816,0.0158833627976075,0.000408161091218,0.449285249066667,0.325484088007549,0.203197191894108
EZR,-0.05529910869625352,0.0782111665669723,0.47953617405682947,PD-(L)1,-0.0465777294672843,0.0873630076684759,-0.217806078078593,0.124650619144025,0.59392862533904,-0.0465810518839338,0.0873651728183273,-0.217813644110973,0.124651540343105,0.593911448367408,0.0,0.573120697512683,0.858153912537623,0.834642846440702
CREM,-0.0028246841923184234,0.07763620989242935,0.9709764971308522,PD-(L)1,0.0831605418045681,0.0964325155883391,-0.105843715687174,0.27216479929631,0.388483753538994,0.0831606095129659,0.0964333082955042,-0.10584520165627,0.272166420682202,0.388487266997989,0.0,0.779871756326457,0.669805632755153,0.693720988462489
SMCHD1,-0.18949374014507522,0.08184457160089088,0.02059718562487764,PD-(L)1,-0.159369237270063,0.0962153112936958,-0.347947782167017,0.0292093076268906,0.097644636411338,-0.159369290991268,0.0962155130643786,-0.347948231351493,0.0292096493689574,0.0976452264022648,0.0,0.490669821299319,0.325484088007549,0.348730844326207
ALG13,0.13047635452086212,0.07752830633573861,0.09238454293275332,PD-(L)1,0.151554391794189,0.0876467846153119,-0.0202301494125619,0.323338933000939,0.0837823459296429,0.151554391794189,0.0876467846153119,-0.0202301494125619,0.323338933000939,0.0837823459296429,0.0,0.701999629575709,0.325484088007549,0.335129383718572
ARRDC2,0.035429877469610495,0.0772542195307009,0.6465112805503468,PD-(L)1,0.0181547142501096,0.0916353871105362,-0.161447344195927,0.197756772696146,0.842951934079542,0.018158080684458,0.0916392518188725,-0.161451552450729,0.197767713819645,0.842929729904135,0.0,0.497291426688749,0.946101531234182,0.956731885517712
AREG,0.09039724066979597,0.07718888353468213,0.24155161115576562,PD-(L)1,0.0629286318559282,0.112055562410725,-0.156696234736472,0.282553498448329,0.574399357066135,0.048569689269645,0.169703841763938,-0.284043728625759,0.381183107165049,0.774722914008646,0.469612098203449,0.0575458331230915,0.911438722363113,0.834642846440702
PRDM2,0.06894318672843901,0.07738779811334838,0.3729939312103414,PD-(L)1,0.0751104109104804,0.0864167638129225,-0.0942633338233519,0.244484155644313,0.384756986921159,0.0751108464487602,0.0864175783660184,-0.0942644947798035,0.244486187677324,0.384758711052185,0.109296889030695,0.330902425418405,0.669805632755153,0.693720988462489
NR4A3,-0.10819057598130655,0.07823803728636675,0.1667143680991061,PD-(L)1,-0.0781770692333501,0.0993264261221511,-0.272853287145845,0.116499148679144,0.431239599165221,-0.0808394879649877,0.105035573799354,-0.28670542970722,0.125026453777245,0.441513984875627,0.125686368882424,0.321569561984177,0.735856641459379,0.718732665275368
YPEL5,0.07849648620431043,0.07682414645362158,0.3068905226704972,PD-(L)1,0.110968311874661,0.0983773732107619,-0.0818477965120877,0.30378442026141,0.259325779446535,0.110968311874661,0.0983773732107619,-0.0818477965120877,0.30378442026141,0.259325779446535,0.0,0.656640743257285,0.57627950988119,0.57627950988119
BCL11A,-0.03573174490098642,0.07814519167130372,0.6474926878830378,PD-(L)1,-0.0406263905425357,0.09795902489848,-0.232622551304219,0.151369770219148,0.678340733042298,-0.0406120208094717,0.09865687905776,-0.233975950589805,0.152751908970862,0.680596598032881,0.0,0.449611137718824,0.895521839516948,0.880961990964023
HSPH1,0.011026427104936705,0.07759029227276197,0.8869924000673888,PD-(L)1,-0.0202479355366257,0.0867137496955024,-0.190203761904231,0.14970789083098,0.815370707383998,-0.0202479355366257,0.0867137496955024,-0.190203761904231,0.14970789083098,0.815370707383998,0.0011647596241592,0.448495482760062,0.93720770963678,0.93720770963678
CKS2,-0.07672377179473645,0.0791719685304973,0.3325065325706788,PD-(L)1,0.0067887092413838,0.100480816765253,-0.19015007275568,0.203727491238447,0.946134113344478,0.0067852314617295,0.100487542640509,-0.190166733008601,0.203737195932061,0.94616526436211,0.13344070013758,0.317028776593512,0.985014115444418,0.969626149415927
DDX27,-0.07010449251044856,0.07868999453912573,0.3729857086761045,PD-(L)1,-0.0140837406922466,0.0939056384678783,-0.198135410034527,0.169967928650034,0.880782301335559,-0.0140842501903373,0.093907476738947,-0.198139522477706,0.169971022097032,0.880780337082515,0.113973439902898,0.328258060713014,0.951345678251716,0.958076088320797
JUND,-0.005190811345711702,0.07768661049817366,0.9467271324757308,PD-(L)1,0.040953470688547,0.0953535603772384,-0.145936073448506,0.2278430148256,0.667566135279027,0.0409537111847457,0.0953548382540135,-0.145938337544763,0.227845759914254,0.66756848800892,0.141409517746673,0.302218172315959,0.895521839516948,0.880961990964023
ZNF331,-0.06219628251821556,0.07819991145739551,0.4264100630383717,PD-(L)1,-0.116589508163765,0.096300153646804,-0.305334341017174,0.0721553246896442,0.226014733477058,-0.116591339007256,0.0963031148375964,-0.30534197568797,0.0721592976734576,0.226021717496368,0.0,0.476126656407989,0.551272481698459,0.560453852994926
ZNF141,0.012576300768920095,0.07746547816402442,0.8710324749512188,PD-(L)1,0.0052931345362007,0.0949000254807167,-0.180707497537937,0.191293766610339,0.955520332342787,0.005300083862684,0.0949036433523656,-0.180707639109587,0.191307806834955,0.955463691981085,0.0764514410692207,0.369523406664057,0.985014115444418,0.969626149415927
DNAJB1,-0.027453911095705438,0.07790574537642346,0.7245390101486056,PD-(L)1,-0.0177656571176732,0.0948939670689368,-0.203754414922919,0.168223100687573,0.851491378110763,-0.0177656571176732,0.0948939670689368,-0.203754414922919,0.168223100687573,0.851491378110763,0.0,0.875306353031966,0.946101531234182,0.956731885517712
KDM6B,0.056530047820850436,0.07766471271599534,0.46669132950250436,PD-(L)1,0.0840286048947177,0.0862423948649268,-0.0850033829810209,0.253060592770456,0.329892412559654,0.0840286048947177,0.0862423948649268,-0.0850033829810209,0.253060592770456,0.329892412559654,0.0,0.756536902299173,0.635742314326831,0.648207849901867
WDR74,-0.040228079110157404,0.07836124815196362,0.6076946228097082,PD-(L)1,-0.0231999198378487,0.0957459301083393,-0.210858494516483,0.164458654840785,0.808542203154034,-0.0487098111295296,0.112407317403905,-0.269024104839946,0.171604482580887,0.664772795929971,0.0803593737678747,0.365519929066076,0.895521839516948,0.93720770963678
BTG1,0.0805241078072399,0.07754786881084376,0.2990934663169697,PD-(L)1,0.100418578953528,0.0866687544922091,-0.0694490584361453,0.270286216343202,0.246599695317767,0.100418578953528,0.0866687544922091,-0.0694490584361453,0.270286216343202,0.246599695317767,0.0,0.835574983009686,0.560453852994926,0.560453852994926
SKIL,0.014346314752871308,0.07747027535912517,0.8530841180295538,PD-(L)1,0.0044123186076133,0.0878220743718398,-0.167715784208791,0.176540421424017,0.959929887921768,0.0294423441205783,0.0998295821112643,-0.166220041409184,0.22510472965034,0.768050373115374,0.288049768128027,0.14108564389453,0.911438722363113,0.969626149415927
ARHGAP24,0.16263290882274606,0.07702357003246517,0.03473198804883049,PD-(L)1,0.261027637395071,0.0947284610291461,0.0753632654670383,0.446692009323103,0.0058596145101703,0.261027637395071,0.0947284610291461,0.0753632654670383,0.446692009323103,0.0058596145101703,0.0,0.977533655403609,0.292980725508517,0.146490362754259
VPS37B,0.02055452412162971,0.07723880451324908,0.7901494499893965,PD-(L)1,0.06182084809022,0.0958515738193888,-0.126044784457264,0.249686480637704,0.518950288001292,0.06182084809022,0.0958515738193888,-0.126044784457264,0.249686480637704,0.518950288001292,0.0,0.963579192994556,0.810859825002019,0.810859825002019
WDR45B,0.08641639457455634,0.07723293115634575,0.263180218118707,PD-(L)1,0.0474224022406679,0.0914456184747539,-0.13180771651384,0.226652520995176,0.60404959041073,0.0215982467539357,0.110240641056697,-0.194469439349798,0.23766593285767,0.844673490356607,0.121993883276084,0.31960227336462,0.946101531234182,0.834642846440702
CALM2,-0.02058143813150125,0.07776865879139291,0.7912794692411331,PD-(L)1,-0.0284910453343222,0.0831753130885428,-0.191511663390709,0.134529572722065,0.731942976591669,-0.0324204804029074,0.0862724325914378,-0.201511341140785,0.13667038033497,0.707071618315056,0.0049375085941177,0.446069265695992,0.909140529770521,0.914793548689206
C9orf72,-0.1306769281101599,0.08001629098139695,0.10244186108525524,PD-(L)1,-0.101969438574976,0.0972691898683981,-0.292613547522425,0.0886746703724724,0.294490244154994,-0.101969447959471,0.0972692040345764,-0.292613584672119,0.0886746887531765,0.29449027003782,0.0,0.543916584564026,0.613521395912124,0.61352134198957
RILPL2,-0.011862600534061457,0.07773112252085221,0.8787052913958351,PD-(L)1,0.0289738007461626,0.0945533127615466,-0.15634728688542,0.214294888377745,0.759278645412041,0.028976990235829,0.0945557344396511,-0.156348843797621,0.214302824269279,0.759258940745477,0.0,0.584970762501174,0.911438722363113,0.914793548689206
ZFP36L2,0.15838991846653705,0.07719507594621923,0.040187766238315666,PD-(L)1,0.183428181387562,0.0852701694846519,0.0163017202420182,0.350554642533106,0.0314650502576909,0.183426734499974,0.0852738758796898,0.016293008953643,0.350560460046305,0.0314737677460064,0.0,0.681619984780864,0.325484088007549,0.262208752147424
BANK1,-0.11081581586850496,0.07875578660578005,0.15940320241051842,PD-(L)1,-0.121819046134431,0.104866688401839,-0.32735397858002,0.0837158863111589,0.245375115275033,-0.109459450303657,0.114043560348093,-0.33298072125464,0.114061820647326,0.337153935414283,0.301532727738611,0.159014382034959,0.636139500781666,0.560453852994926
RANBP2,0.043297384214497976,0.07758922281860609,0.5768215207002974,PD-(L)1,0.0468179499318572,0.0902476654875175,-0.130064224112496,0.22370012397621,0.603919838465269,0.0468171198962839,0.0902487508984743,-0.130067181514452,0.22370142130702,0.603930604316342,0.0,0.626809734922353,0.858153912537623,0.834642846440702
NR4A2,0.06369618831548571,0.07737775936295353,0.41040296309902846,PD-(L)1,0.0792444110026899,0.0956159382613094,-0.108159384337482,0.266648206342862,0.407229891777062,0.0792444110026899,0.0956159382613094,-0.108159384337482,0.266648206342862,0.407229891777062,0.0,0.636791853066131,0.690220155554342,0.714438406626424
CHD1,0.08278151594152523,0.07711738209925884,0.2830700627664448,PD-(L)1,0.0894046012515127,0.0893641316452838,-0.0857458782829397,0.264555080785965,0.317091398865954,0.0894046012515127,0.0893641316452838,-0.0857458782829397,0.264555080785965,0.317091398865954,0.0,0.679188351694064,0.635742314326831,0.647125303808069
REL,-0.002676127088791921,0.07764009345428578,0.9725036683321023,PD-(L)1,-0.0133994234706401,0.0924434155869137,-0.19458518862886,0.167786341687579,0.884752480929058,-0.0133995594838419,0.0924435460531414,-0.194585580351169,0.167786461383485,0.884751480774095,0.0,0.495862861220168,0.951345678251716,0.958076088320797
DNAJB14,-0.07089202098202912,0.07858165365320398,0.36698001563521454,PD-(L)1,-0.0801664972440955,0.0917800617185453,-0.260052112711308,0.0997191182231167,0.38241071046372,-0.0801664972440955,0.0917800617185453,-0.260052112711308,0.0997191182231167,0.38241071046372,0.0,0.819550992881127,0.669805632755153,0.693720988462489
TRA2A,0.06385648738420088,0.07703495897341014,0.40714476154106516,PD-(L)1,0.0935876025966086,0.0860932624992312,-0.0751520912134373,0.262327296406655,0.277015115622674,0.0935876485050197,0.0860934835404781,-0.0751524785379093,0.262327775547949,0.277016113349105,0.0,0.671754745289817,0.602208942063272,0.602206773092769
TUBA1A,0.06747326951578583,0.07738300744082367,0.3832416041291078,PD-(L)1,0.0832069452664802,0.0855216568793462,-0.0844124221152304,0.250826312648191,0.330586003449952,0.0832069452664802,0.0855216568793462,-0.0844124221152304,0.250826312648191,0.330586003449952,0.0,0.695103781615987,0.635742314326831,0.648207849901867
TUBA1C,0.06966788858992315,0.07750381777376031,0.36870794325341094,PD-(L)1,0.0606230226748222,0.0826182910518266,-0.101305852251006,0.22255189760065,0.463087457388455,0.0606230226748222,0.0826182910518266,-0.101305852251006,0.22255189760065,0.463087457388455,0.0,0.9001965861799,0.754976172520545,0.742967547625548
NFKBID,-0.06820324550109101,0.0791173719180854,0.3886592039203911,PD-(L)1,0.0363450130936049,0.0996035994437202,-0.158874454546641,0.23156448073385,0.715188605066286,0.0363459003684548,0.0996088767160141,-0.158883910535423,0.231575711272333,0.715196387002908,0.169807267592251,0.277304180349396,0.909140529770521,0.914793548689206
GPR183,-0.09686488018177263,0.0791108901512978,0.22079419027009345,PD-(L)1,-0.0707534820516161,0.0975071413753956,-0.261863967382847,0.120357003279615,0.468069555004095,-0.0707547174473342,0.0975122783894978,-0.261875271141193,0.120365836246525,0.468085226962738,0.0343657616277536,0.412019079035807,0.754976172520545,0.742967547625548
TGIF1,0.100467857727462,0.07709564915007329,0.19252062301746395,PD-(L)1,0.113658556112468,0.0948005274321929,-0.0721470633700314,0.299464175594968,0.230557791700825,0.117688921953093,0.0999175422594551,-0.0781458622991974,0.313523706205384,0.238852241877083,0.0,0.564251514457028,0.560453852994926,0.560453852994926
PER1,-0.02784022321454237,0.07784888635546235,0.7206286274471934,PD-(L)1,-0.0007113905407633,0.0919416252311162,-0.18091366467383,0.179490883592303,0.99382649736449,-0.0007113905407633,0.0919416252311162,-0.18091366467383,0.179490883592303,0.99382649736449,0.0,0.667930064187969,0.99382649736449,0.99382649736449
TSC22D2,0.021297018656940347,0.07749539901049611,0.7834571778690178,PD-(L)1,0.0409631236554549,0.0917453664902411,-0.138854490413846,0.220780737724755,0.655245420700301,0.0409606886796498,0.0917475459863922,-0.138861197123611,0.220782574482911,0.655272247702672,0.0,0.605946580641962,0.895521839516948,0.880961990964023
ZNF165,0.002635184242176781,0.07758017183431014,0.9729032750694346,PD-(L)1,0.0149621237189805,0.103800942923919,-0.188483985973198,0.218408233411159,0.885387973097659,-0.0015654287589025,0.132054925582244,-0.260388326881218,0.257257469363413,0.990541797821923,0.337561059401788,0.128610464023251,0.99382649736449,0.958076088320797
PSMB10,-0.27466888423407293,0.08214264878415696,0.0008263821964382457,PD-(L)1,-0.258863909580147,0.0981143656795384,-0.451164532678035,-0.066563286482259,0.0083300849822955,-0.299337958768957,0.146084677723975,-0.585658665801089,-0.0130172517368254,0.0404551178009278,0.459769919992477,0.0305480539035299,0.325484088007549,0.166601699645911
CXCR4,-0.11145962776861933,0.07188232377110174,0.1210012533083419,PD-(L)1,-0.0532858368694407,0.0967631324994343,-0.242938091599609,0.136366417860728,0.58185082473604,-0.0532858368694407,0.0967631324994343,-0.242938091599609,0.136366417860728,0.58185082473604,0.0,0.687164499382525,0.858153912537623,0.834642846440702
NR4A1,0.04509454691677249,0.07224889846395759,0.5325254721009678,PD-(L)1,0.0124098395232805,0.09934695468834,-0.182306613639599,0.20712629268616,0.900591523021549,0.0168603455560603,0.114428555217932,-0.207415501474039,0.241136192586159,0.882860611275362,0.290033972207062,0.153312744616837,0.951345678251716,0.958076088320797
SDCBP,0.037074497339715067,0.07231327528718394,0.6081662099672964,PD-(L)1,0.0229159339800333,0.08663486396458,-0.14688527919607,0.192717147156137,0.791385660851133,0.0229159339800333,0.08663486396458,-0.14688527919607,0.192717147156137,0.791385660851133,0.0,0.810565717100975,0.92021588471062,0.931041953942509
CCR7,-0.16884939661341475,0.07756578610816219,0.029491457825645166,PD-(L)1,-0.0805448175548532,0.109155569537639,-0.294485802560583,0.133396167450876,0.460581216321968,-0.182904726433835,0.149788557757099,-0.476484904933947,0.110675452066276,0.222053420424032,0.343292801848925,0.133222724383541,0.551272481698459,0.742967547625548
CD27,-0.1649917722170817,0.07820535264945946,0.03488206680113116,PD-(L)1,-0.0361297940270907,0.117482771010487,-0.266391794011612,0.194132205957431,0.758437935496931,-0.144594579115229,0.164043009135071,-0.466112968935543,0.176923810705085,0.378078036401828,0.37167100822464,0.111267315920884,0.669805632755153,0.914793548689206
CXCL13,-0.4138105495099075,0.08337067672093883,6.923320458034746e-07,PD-(L)1,-0.275837868907369,0.141256556187763,-0.552695631615543,0.0010198938008045,0.0508499569994718,-0.460498611355543,0.240239271808957,-0.931358931773227,0.0103617090621417,0.0552591260974938,0.519220342603873,0.0520834385949742,0.325484088007549,0.297034234641495
SIGLEC14,-0.1303241836064503,0.07899562179067736,0.09899108340145729,PD-(L)1,0.0800929731655288,0.147483867734041,-0.208970095893861,0.369156042224918,0.587086699712111,0.0800929731655288,0.147483867734041,-0.208970095893861,0.369156042224918,0.587086699712111,0.0,0.597466093404632,0.858153912537623,0.834642846440702
RUBCNL,0.06387990694220975,0.11404156247941992,0.5753799647337918,PD-(L)1,0.0460633045597116,0.141914489308593,-0.232083983369525,0.324210592488948,0.745495234411827,0.0460633045597116,0.141914489308593,-0.232083983369525,0.324210592488948,0.745495234411827,0.0,0.999342231263405,0.909140529770521,0.914793548689206
FCMR,-0.3030352377906784,0.12146973559928124,0.012604995088869315,PD-(L)1,-0.162053748361637,0.198724405024015,-0.551546425057857,0.227438928334582,0.414803451529334,-0.199702627745923,0.284036674048666,-0.756404279169851,0.356999023678004,0.482001237650349,0.493908821834899,0.0787182375237405,0.765081329603729,0.715178364705748
BORCS5,-0.05856985854198825,0.11595800820425804,0.6134918199475686,PD-(L)1,-0.0939047383388569,0.183734887655003,-0.454018500846175,0.266209024168461,0.609289277901713,-0.0939047383388569,0.183734887655003,-0.454018500846175,0.266209024168461,0.609289277901713,0.0,0.507055846593666,0.858153912537623,0.834642846440702
IQCN,0.11529970224088833,0.13134588480163206,0.38003455911668704,PD-(L)1,0.0966898071534756,0.168433061636249,-0.233432927459387,0.426812541766339,0.565930720211855,0.144203416159154,0.2378113842762,-0.321898332135813,0.61030516445412,0.544264263661277,0.462463854786253,0.0834956460320218,0.837329636401965,0.834642846440702
CEMIP2,0.043202666973733754,0.13104431838693276,0.7416419052061562,PD-(L)1,0.0688450101466707,0.165250679639749,-0.255040370368003,0.392730390661344,0.676964027940896,0.0688450101466707,0.165250679639749,-0.255040370368003,0.392730390661344,0.676964027940896,0.0,0.627018770714879,0.895521839516948,0.880961990964023
TENT5C,-0.15899027018981718,0.1331680808706923,0.23251444813158031,PD-(L)1,-0.172407228333679,0.182426408676759,-0.529956419169112,0.185141962501754,0.344618936095453,-0.222812691431634,0.255241758761835,-0.723077345955492,0.277451963092224,0.382691616766704,0.455218245669601,0.0879574867500553,0.669805632755153,0.662728723260486
PRMT9,-0.07482952134690606,0.09377376753905549,0.42488252757570677,PD-(L)1,-0.13918396868546,0.119476486281068,-0.373353578795748,0.0949856414248273,0.244039788270335,-0.139183975496105,0.119476529626914,-0.373353670562688,0.0949857195704785,0.244039936282906,0.0,0.445359851439235,0.560453852994926,0.560453852994926
CCL5,-0.41632717922798174,0.10418750504462054,6.443763545009969e-05,PD-(L)1,-0.368057813875638,0.126367771597104,-0.615734095012546,-0.120381532738731,0.0035844211172648,-0.399588235610879,0.189824498139123,-0.77163741534695,-0.0275390558748076,0.0352877923642805,0.431857368048974,0.0549078810742483,0.325484088007549,0.146490362754259
