"","P10101","P10264","P10150","P10220","P10375","P10073","P10161","P10282","P10141","P10089","P10043","P10362","P10156","P10059","P10081","P10041","P10281","P10330","P10088","P10308","P10293","P10132","P10015","P10112","P10317","P10307","P10111","P10072","P10084","P10090","P10166","P10363","P10044","P10321","P10242","P10144","P10294","P10099","P10147","P10299","P10354","P10221","P10130","P10194","P10272","P10249","P10080","P10023","P10295","P10105","P10004","P10173","P10346","P10204","P10238","P10119","P10373","P10315","P10358","P10195","P10050","P10223","P10116","P10306","P10240","P10343","P10217","P10269","P10033","P10225","P10297","P10005","P10092","P10117","P10206","P10069","P10198","P10034","P10024","P10191","P10048","P10083","P10292","P10349","P10138","P10311","P10140","P10108","P10018","P10106","P10215","P10341","P10115","P10254","P10047","P10017","P10129","P10096","P10021","P10310","P10209","P10040","P10003","P10010","P10313","P10371","P10203","P10122","P10157","P10184","P10131","P10251","P10189","P10256","P10136","P10187","P10277","P10367","P10265","P10151","P10127","P10253","P10262","P10252","P10109","P10196","P10167","P10333","P10145","P10042","P10227","P10058","P10370","P10232","P10368","P10097","P10348","P10086","P10011","P10071","P10148","P10162","P10091","P10287","P10285","P10285_1","P10328","P10049","P10046","P10267","P10208","P10064","P10233","P10226","P10327","P10336","P10065","P10039","P10200","P10323","P10087","P10360","P10139","P10279","P10035","P10146","P10178","P10212","P10332","P10165","P10210","P10303","P10016","P10339","P10190","P10153","P10286","P10329","P10174","P10244","P10271","P10027","P10022","P10192","P10095","P10296","P10257","P10180","P10280","P10245","P10137","P10235","P10036","P10366","P10324"
"CCL5-CXCL9_Dangaj",0.0939518496770419,0.394031694053987,0.180727386834262,0.311199550977156,-0.671987712023777,0.159130945390495,0.403104951991305,0.416747898821633,0.730065713040437,0.32311952063682,-0.514370707213728,-0.588518734494595,0.0886670581327095,0.0842223791018706,-0.708948823176755,-0.370863076661413,0.0136742563180723,0.292213181829346,0.690211547265421,-0.574388256419394,0.784613929716896,0.50627900166864,0.42964500701354,0.159758373524033,-0.278978294173363,-0.597885340890339,-0.566193657238997,-0.575434973101406,-0.447833674494153,0.181624303537925,0.695830886670576,-0.467676376307959,0.694292569816785,0.441562055709679,0.276625407696381,-0.687317130335535,0.0972906918697441,0.288088892903931,0.271259514180327,0.174351205143847,0.518580084337916,0.254227950518911,-0.169113329418663,0.149735760422792,-0.55231263269509,-0.584192082737498,-0.339866390938385,0.396065766294776,-0.391389388156512,0.424029435957912,0.504927409927121,-0.0504991192014017,-0.63445906289759,0.401317767327621,-0.576142495238953,-0.348226553771888,0.452513689129814,-0.571931884908997,-0.524917217546326,0.0299471520845657,-0.592678720192007,0.295718214038241,-0.284590847346783,-0.43462987668085,0.261860047949468,-0.59835584263067,0.620411351277731,-0.608486449424062,0.288901937756902,-0.672951461635708,-0.218438050499104,0.704762735328445,-0.232671856011795,0.700410591668338,0.825567978885045,-0.62714167128883,0.325707896844117,-0.325852055699484,-0.193188490898403,0.584438042617251,-0.205049411644047,-0.714523131162427,0.0516735173223754,-0.441140069560507,0.785367020948817,-0.544168690509318,0.766881972988842,-0.328482005085046,0.32889367715995,0.387475580008081,0.630455490594878,0.464351535686099,0.142292572724621,-0.544333529066363,-0.165924686396133,-0.480598224107254,0.0710510863182672,0.408888328340432,-0.699039428474052,-0.483932384187635,-0.601232948894019,0.142231506420184,-0.226633952160156,0.674895761781427,0.0957134468584919,-0.460377299461875,-0.677160781903644,-0.523070334509195,0.809160305343506,0.201651276563944,0.248486474242949,-0.512420368627587,-0.58807755210894,0.363983914995551,0.426901462104621,-0.711546271671602,0.117760589509181,0.409558629953271,0.657780266257105,-0.663657017426435,-0.163241338813842,-0.509306057321751,-0.0770542001305178,0.191475234559724,-0.104314832791439,0.071638285378755,0.375102849587067,0.552654512578171,-0.0698766881972845,-0.213153258954771,-0.605368466600765,0.6837161828657,0.412166626975566,-0.45055363452699,0.723439066950515,-0.35797442790048,-0.219035702438006,0.595368953177733,0.408428716663309,-0.123831893297519,0.0598943041691158,0.446709259228086,-0.332357100302854,-0.347458605603097,-0.530082059402237,-0.477389940911774,0.671720334821005,-0.272891844305401,0.294073300353698,0.384190952126274,0.277033593427477,-0.230188585866808,0.668618785449559,-0.223135642982955,-0.158437161063428,0.735892504002613,0.73356375917345,-0.428297029217777,0.0630817521105598,-0.681440414292618,-0.658250146799793,-0.328241432759364,-0.0440399295361125,0.399653910857792,0.706654334221469,0.190252495596012,0.750396591982148,0.0226277388465124,0.685451375146825,0.552704541652474,-0.309577081688142,0.157369348209053,-0.298535083488682,-0.302709406823544,0.00997536011597594,0.601785357286033,-0.0660482987460877,0.446858693585852,-0.406290696513997,-0.544207259193197,-0.645488783186003,0.740458015267172,-0.16785740205414,-0.662597126289874,-0.666812378494788,0.546804314894858,0.415839456544969,-0.464754170752061,0.494332050209967,0.345099173936987,-0.473052590625657,0.116852613035827,0.514705993841297,-0.341007823752886,0.21445067856698
"Chemokine_Messina",0.563373266154372,0.570419784893469,0.0608187134502861,-0.283209093220532,-0.708903614969654,0.636056248237644,0.632527860531834,0.666905590825309,0.568309776270312,0.622544700897845,-0.487145184117068,-0.574395104983878,0.131578947368421,0.235019768968881,-0.715079852831552,0.206509985655963,0.118144297256194,0.236975261055434,0.582949524780555,-0.734353025734493,0.59938242230046,0.510664483279171,0.542938792860476,0.517918836476401,-0.642436790262893,-0.692902005617459,-0.452196557971,-0.763716984769644,-0.380175790975104,-0.435752127844368,0.70906498203723,-0.346071762605202,0.80678785814197,-0.159910383157426,0.185462954744928,-0.662857616282138,-0.529628058051819,0.296340460526318,0.309222724723806,0.128070175438595,0.692397660818713,-0.159140625740472,-0.0538011695906432,0.100739092979335,-0.677272700431676,-0.636006340286069,-0.350925155691433,0.499440756090834,-0.235776321891563,-0.533461703038084,-0.357543347262166,0.0307144673277432,-0.627599900541799,0.339898785425103,-0.37956721456638,-0.659738481417945,0.0169029254990164,-0.532308273853212,-0.314216154053185,0.393924454291575,-0.511284520449401,0.26448001426034,-0.691434537081143,0.077385725741779,0.331041884873881,-0.585380116959079,0.744929686521548,-0.578481493741356,0.444805483213217,-0.765674984406891,-0.0105263157894774,0.435615921524241,-0.0483266868253072,0.476884472322772,0.729824561403505,-0.243847502038973,0.128077301295481,-0.215029666623981,-0.214891301887737,0.59285781850758,-0.495125500181884,-0.589000090696518,0.00818713450292255,-0.0578947368421113,0.760689125778449,-0.646765411861148,0.57943676126804,-0.0491228070175452,0.0605064637043316,0.432855106635231,0.611816898568255,0.473131692374216,-0.333156881873456,-0.606896551724159,-0.340936212242633,-0.444143803162401,0.0736814778378927,0.453771180086971,-0.394494068068328,-0.496955197912108,-0.624362083356399,0.565497076023392,0.0941520467836267,0.725600237704903,0.0545409184352945,-0.0298245614035071,-0.681904339317846,-0.425276014320354,0.596295405179614,0.261112537441163,-0.100846216665262,-0.425730994152036,-0.514179748367717,-0.10366588112072,0.320806073444678,-0.585170084836525,0.0175031782354403,0.666309418162785,0.632942479937656,-0.737101395064166,-0.552269664359209,-0.0172042544582246,-0.0931026556942258,-0.164327485380117,-0.403445371072347,0.554385964912279,0.472161535915262,0.3438666884887,0.421986264956705,-0.286635706914332,-0.669393270986804,0.66315789473683,0.219235460840243,-0.539228105734337,0.548558300252778,-0.527289888997982,-0.534934795819751,0.632874456673082,0.598872003604837,-0.226505860524034,0.477843485117293,0.561988304093563,0.0216374269005812,-0.517664851784633,-0.4003341687552,-0.402706344652508,0.65197368421053,-0.0315789473684197,0.227708409078165,0.651642012420527,0.119334145811485,-0.252126399196254,0.344891513997502,0.339752513534418,0.299851221679696,0.666081871345029,0.784798558682539,-0.35520029818875,-0.468869974007363,-0.613375485665912,-0.693274949324771,-0.562181368054301,-0.111657172009184,0.473975630704431,0.604166314411764,-0.384814588574245,0.640623687349828,0.381126509567807,0.363273169422213,0.282206856144773,-0.456267164754884,0.30008722370899,-0.268120068331552,-0.425496328415735,-0.290853652885505,0.338906450694909,-0.35711336127491,0.165707434052758,-0.180738256564689,-0.70760163569837,-0.583236187832036,0.603840356906009,0.478732764633298,-0.595333255877014,-0.28205838659225,0.736953838113516,0.387899971039213,-0.539560978294041,0.708347971098457,0.462023648865759,-0.0664464893346557,-0.34391115368313,0.834063793263095,-0.481276613864766,0.0538011695906411
"COX-IS_Bonavita",-0.0492552769664737,-0.0614854777452477,-0.0431886562734143,0.00369536203428811,-0.0777186442327714,-0.0492356836490712,-0.0608571760764702,-0.060164525358345,-0.0684043361649763,-0.048260014640267,-0.102064796446047,-0.118466456761376,-0.0481298781678942,-0.0490530174788267,-0.0868201781162743,-0.0897468990481051,0.0234262594589284,-0.0389638099579166,-0.0552426282176351,-0.108892826686576,-0.0690874571575221,-0.064735348972621,-0.0730994168439121,-0.064233112499326,-0.0404757074907084,-0.0917828108840108,-0.0893610472390396,-0.230941158204862,-0.120071757259862,-0.0696098409763039,-0.0653312504128538,-0.0465201712440764,-0.0639485921975854,-0.0720016932734548,-0.0641938076364922,-0.0880843876746632,-0.0223063515726467,-0.0553133415822575,-0.0696595210774082,-0.0714535884310089,-0.0705235726645287,-0.248845448082976,-0.0411302955751514,-0.0201642470565437,-0.0810403137950896,-0.106041462442142,-0.191057464928489,-0.0698856941423548,-0.0922486471312748,-0.0654183939086189,-0.0665887433627419,-0.0517569889545038,-0.105369047062,-0.0581189656444939,0.00187944220373637,-0.0280919723694663,-0.0140604997113009,-0.0879050885889914,-0.115270577305225,-0.0381426175831478,-0.0865095269473708,-0.07066838397903,-0.122072490867596,-0.0618531545910555,-0.0689620895620999,-0.0835757532348009,-0.066513674023553,-0.0978247345398724,-0.0411132785074643,-0.0726367312567304,0.0674997234366564,-0.0678776013506076,-0.108389085364501,-0.0700497696424703,-0.0680706961538508,-0.125317973913263,-0.0740284593707721,0.00493072513025938,-0.167832511721222,-0.0714514793902918,13.8676496644076,-0.0815709133699049,-0.101267702006001,-0.0979195578539861,-0.07189146622825,-0.0841567303264668,-0.0748657653821688,-0.0543066535092568,-0.0547127060465983,-0.0529687249824705,-0.0724542148585492,-0.0685111609530774,-0.00437548040076003,-0.0982327492129373,-0.0606996969156872,-0.103662390563979,-0.0645025116097243,-0.0688493761358627,-0.0817115645344412,-0.0751651962050815,-0.0905847522629377,-0.0477388382299174,-0.136784520091938,-0.067950720896863,-0.0718073172262136,0.0893633009299405,-0.0768335380789275,-0.110259837714896,-0.0736481954095408,-0.0640887742166825,-0.0728506062525505,-0.0899018514507078,-0.0993466824644831,-0.0746550390092354,-0.067621113124602,-0.101801506502001,-0.0586334253049255,-0.0631256254009086,-0.0628700887911013,-0.106321938077809,-0.0921094348490577,0.369031249049196,-0.223723368596609,-0.0682470191246964,-0.0258796085269769,-0.064722182231347,-0.0652306943453781,-0.0635274612780755,-0.147767041649049,-0.198945033654088,-0.153428430195053,-0.0661337379665708,-0.048055253141997,-0.0602955577352056,-0.0658127110707236,-0.033842979054632,0.0351044174446806,-0.0604526224846682,-0.0618248896948917,-0.0530832312907116,-0.0600649544077001,-0.0733875106748437,-0.20660050241423,-0.239844757786454,-0.176389491551342,-0.132780463008323,-0.0687763463412496,0.00333017931757719,-0.059526131339154,-0.0664266820661212,-0.0384133367699988,-0.273325673987369,-0.0763475451691445,-0.0349962828010414,-0.251310600294024,-0.0680816238566595,-0.0702711561189325,-0.0519654312948105,0.00208817974902942,-0.0721757995433001,-0.078866633238357,-0.10906861196641,-0.066500099213778,-0.0636722871784873,-0.0629170493856731,-0.0619962385022698,-0.0697957442901095,0.125871536290287,-0.0647058830901639,-0.0677081296745627,-0.0654601984124752,-0.0683632675617018,-0.0271749638356804,-0.0835427816493935,-0.0687753063379415,-0.0644368199550216,-0.148382160073184,-0.0521597775511376,-0.107494308646851,-0.0753840751387513,-0.0813093440678667,-0.0704234218710096,0.0446509025170459,-0.0845354591831951,-0.0810829574602834,-0.0704092971790184,-0.0523620023005655,-0.103227922988932,-0.0653439195957199,-0.0528534090155452,-0.100088464530515,-0.057328574464587,-0.0575536990868942,-0.024703665552543,-0.023911911710841
"CYT_Davoli",-0.372315425147865,0.299624563252461,0.255691768826627,0.482108449813354,-0.607376687512624,-0.109165207238752,0.615964398672141,0.427172402168826,0.784004670169296,-0.214933007959305,-0.661996497373012,-0.478976844213359,-0.0256087498315909,-0.0315236427320406,-0.620548744891985,-0.425498168719362,-0.253306696984878,0.390280406053986,0.401946346123234,-0.601715461854105,0.875072971395215,0.507563726538306,0.531231757151201,0.261813369159293,-0.539211307449229,-0.45125510799765,-0.72270869819029,-0.758902510215976,-0.35845304336901,0.236298140359752,0.589608873321661,-0.28896672504377,0.824297760687065,0.589310646231508,-0.0898049839462788,-0.833625218914165,0.638061879743143,-0.289892885773394,0.303344983039782,-0.0677174547577271,0.531815528312905,-0.422738386086076,-0.0262697022766974,0.343566381536014,-0.130542523376564,-0.463526795550602,-0.468958534064118,0.45008756567426,-0.669541204769178,0.524347330265143,0.38392896184806,0.192585512832217,-0.904845300642127,-0.293098028649679,-0.663164039696421,-0.433158201984807,0.595395207938776,-0.637200527521365,-0.316371462665043,0.10474710871864,-0.462861286952965,0.399500894169573,-0.0694687682428392,-0.428263254732701,0.262781172759008,-0.755399883245748,0.668068209478049,-0.551079976649137,-0.087715011064487,-0.593695271453573,-0.616183183924038,0.806771745475776,-0.144191476941027,0.631404663464121,0.908931698774082,-0.723292469351995,0.409223584354938,-0.440747227086967,-0.444512576439264,0.567999895503961,-0.701692936368925,-0.681602513942175,0.306875852049935,-0.520140105078793,0.923525977816697,-0.619781820744676,0.792177466433161,-0.278269641427582,0.355332916249647,-0.101576182136591,0.730988831735445,0.437050948645747,0.465367381391903,-0.599523979714778,-0.274372446001154,-0.32546000927963,0.318544719943472,0.390501699804269,-0.531551301667188,-0.296538181109599,-0.555166374781069,0.247741615213849,-0.435070497357764,0.597115531833544,0.294395395827216,-0.129013426736707,-0.68223642069746,-0.614280081789072,0.870402802101577,0.441330998248692,0.421551854126289,-0.556917688266183,-0.657910099241079,0.487448920023355,0.716228499251949,-0.772913018096887,-0.116754232340913,0.446701548080006,0.449272899948598,-0.742556917688247,-0.295253027000449,-0.442090066917661,0.00995226939685676,0.486667288717909,-0.0834792761237504,-0.0286047869235154,0.450866954711028,0.186327350202775,-0.328495996198563,-0.0391126678341995,-0.393664954056226,0.863981319322827,0.452330582037325,9.93649607039515e-15,0.640214016162645,0.0508513082499522,0.105078809106839,0.31788093970011,0.344756625249956,0.00583771161705526,-0.22043639239523,0.604786923525981,-0.296200150734927,-0.200476394161967,-0.392800652173772,-0.544658493870386,0.814360770577935,-0.406888499708099,0.442790080453487,0.61148298909834,0.114419147694112,-0.0379451255107897,0.819614711033276,-0.509575514969544,0.0122591943958035,0.86573263280794,0.937536485697607,-0.409209678419669,0.149354311691058,-0.718948158070234,-0.793928779918252,-0.0239346176298789,-0.149175251069262,0.243432574430831,0.652072387624054,0.0595446584938784,0.901342673671922,-0.0251021599532902,0.634411038964457,0.517891515349236,-0.454186955745972,0.161704611792184,-0.447097355101872,-0.501943948455621,0.158785755983663,0.499602985377738,-0.103292008836474,0.418143788204597,-0.769994162288363,-0.545826036193795,-0.859311150029168,0.710449503794514,-0.193777909189453,-0.481179305847196,-0.423234092235829,0.717655714281369,0.664826619964975,-0.370651568221603,0.437476378889108,0.416310534956627,-0.416675812340945,0.300001383343992,0.427565305356399,-0.0186806771745373,0.300993786094856
"CYT_Rooney",-0.307334109429573,0.79220023282887,0.48017530644388,0.467752632133229,-0.714202561117584,0.154249126891732,0.837601862630966,0.756693830034924,0.660651920838183,0.232033209092716,-0.678696158323637,-0.551744724038093,-0.0535506402793975,0.0704307334109402,-0.617578579743893,-0.498835855646105,-0.532596041909201,-0.0576251455180473,0.164144353899881,-0.54714784633295,0.928405122235157,0.541327124563445,0.421420256111756,0.554714784633293,-0.65075669383004,-0.771827706635628,-0.679860302677537,-0.75145518044238,-0.319557625145522,-0.100698486612343,0.711292200232828,-0.283469150174625,0.958672875436554,0.420256111757856,-0.19469393318696,-0.883585564610017,0.424912689173456,-0.296856810244474,0.307334109429567,-0.202561117578583,0.631548311990686,-0.295654736375285,-0.293391360661176,0.360079756272755,-0.591967403958096,-0.559371362048899,0.837074589441973,0.430733410942955,-0.741559953434231,-0.0535506402793977,-0.191501746216534,0.370197904540161,-0.782305005820727,-0.371944121071017,-0.570430733410948,-0.44586728754366,-0.432270256879089,-0.674039580908038,-0.605074620240783,0.302677532013968,-0.728754365541332,-0.0162980209546014,-0.107101280558793,-0.529685681024452,0.576833527357391,-0.786961583236327,0.79918509895227,-0.584400465657746,-0.224097788125731,-0.642607683352741,-0.504656577415604,0.660651920838183,-0.182456416006631,0.37834691501746,0.873108265424912,-0.519790454016303,0.110011641443536,-0.370779976717117,-0.472060535506407,0.498253783469149,-0.781722933643777,-0.692665890570436,0.685930594674698,-0.509331344586734,0.921420256111758,-0.913271245634465,0.904540162980209,-0.259604190919678,0.0285215366705442,0.104190919674037,0.763678696158323,0.519208381839347,0.202561117578577,-0.716530849825384,0.0704307334109401,-0.513387660069853,0.17171129220023,0.38649592549476,-0.279394644935976,-0.289871944121075,-0.713038416763684,0.113504074505236,-0.00931315483120182,0.747380675203725,0.491850989522699,-0.376173489549406,-0.64726426076834,-0.575669383003497,0.891152502910361,0.387320601800424,0.269499417927821,-0.642607683352741,-0.832363213038422,0.272409778812571,0.683934807916181,-0.595459837019795,0.0955139832688066,0.615832363213037,0.721769499417927,-0.85972060535507,-0.372526193247967,-0.573377138290845,0.0116414435389958,0.507128896253073,0.223103148306872,-0.0593713620488973,0.608847497089638,0.041327124563443,-0.242724097788129,-0.0942956926658938,-0.481373690337606,0.849825378346915,0.185743877311207,0.107101280558787,0.686263096623981,-0.332945285215371,0.188009313154829,0.033178114086144,0.399213401544359,-0.33701979045402,-0.229918509895231,0.559953434225843,-0.262514551804428,-0.23748544819558,-0.473806752037257,-0.470314318975557,0.970896391152503,-0.411525029103613,0.465657741559952,0.811408614668218,0.100698486612337,0.0302677532013944,0.757275902211874,-0.508731082654254,0.0459837019790426,0.831199068684517,0.993015133876601,-0.201396973224683,-0.0669383003492465,-0.450845631566394,-0.683934807916187,-0.0133876600698517,-0.217694994179282,0.290454016298019,0.630384167636786,0.0995343422584374,0.965075669383003,0.114086146682186,0.349825378346913,0.0704307334109402,-0.165308498253787,-0.0378346915017492,-0.468568102444708,-0.243888242142029,-0.0774155995343455,0.704307334109429,-0.483701979045406,0.364959254947612,-0.65366705471479,-0.591967403958096,-0.799185098952276,0.605937136204888,0.0663562281722909,-0.6123250433949,-0.575087310826547,0.870779976717113,0.700232828870779,-0.365834654835787,0.596623981373689,0.476244437288946,-0.297438882421424,0.0890570430733383,0.700814901047729,-0.228754365541331,0.0250291036088449
"EMT_Thompson",-0.158623248087029,-0.551784048386781,0.223897549721491,0.301528238350186,0.32329018547524,-0.278610702981016,-0.648787843742644,-0.539142825096584,-0.721390313518352,-1.01982791231114,-0.486685581909256,0.516046216975137,-0.18719231322725,0.0599333937851523,0.188851106582702,0.104193590156675,0.0666339101085854,-0.399090285666395,-0.61892950150098,0.111927426357322,-0.22810969805542,-0.485005492357116,0.64945259642944,0.361505346332649,-0.167663238823236,0.153355859682661,0.20716079907012,-0.422863986661156,0.209516094328074,0.257482926999851,0.633802966299515,0.242796074427376,-0.60063587661964,-0.0180202063835287,0.257368700833119,0.0653169377794802,0.176204319559135,-0.298698567199048,0.341899438510303,0.399400802968623,0.020923399072748,-0.637972977502657,0.733965856308814,0.0892635213760777,-0.0325285635636771,-0.0467090559893134,-0.73965256213501,-0.252132289637174,-0.00160750787429927,-0.48930746332606,0.325011135154475,-0.575794843146583,-0.591312511371936,0.184582424345479,-0.054395592298928,-0.160885021273777,0.32798298543815,0.299265809318157,-0.0990320106235448,0.0307208634495481,0.112542450106095,0.592804383423906,0.0827087889582015,-0.087403755917357,-0.287010809212008,0.461193636502364,-0.445976821558719,0.202949151112306,-1.22546278680492,0.309406107742379,-0.306318525375518,-0.0370317760341495,-0.059383209877614,-0.29640158513435,-0.351320904153223,0.00797406747400952,-0.147316315493339,0.207918657033464,-0.832288952833631,0.733504916941617,0.416018580234496,0.26986699142147,0.165302638342467,0.524575748768621,-0.396685397557496,-0.326063446234165,0.975232120490605,0.570111998071734,-0.120851001772466,-0.62129690802272,0.584780386774611,0.538540372933837,-0.0566164931608564,0.0105921972229779,0.633713150248229,0.795728811533492,0.656908995316803,0.545320622668909,0.14926488777986,0.305886987281088,0.323593324240552,0.405663200993353,0.261861083776187,-0.357193573099943,-0.210483754206772,-0.393119196625044,0.222363680248976,0.313557900892511,0.400316243923562,-0.108457311320491,0.183561240094473,0.298851194963774,0.155673965494716,-0.0186859908203595,0.270896781955046,-0.381226790563042,-0.205413667482944,0.755591765770772,0.205633758569466,-0.123072971954979,0.18017333077279,0.0820361463702849,-0.571050508887201,0.530345913751298,-0.0550247288112973,0.092672854209215,0.0135567749752155,-0.106863962201747,-0.194358944563579,0.0562651650272659,-0.560138586569756,0.168359035711833,0.102115100656583,0.683240667821134,-0.0343565621095904,-0.0988354660260982,-0.106137148098794,-0.674817292535901,0.00447910450358175,-0.562681494149366,-0.0996469992380831,0.202414520438032,0.428539628270273,-0.175521084749675,0.378001620092399,0.164584848121856,-0.61570769385079,0.0800439159443423,-0.0825971649814459,-0.864995604164315,-0.63905232910638,-0.580324870150822,0.452040214950365,-0.422917639292549,0.426381036018198,-0.410953774871914,0.214431660737937,0.696432800158714,-0.089372397785918,-0.0918142918823847,0.656816287915474,-0.361301402636897,0.575536362023897,-0.226476455071719,0.219628042907233,0.216707257915285,0.0476141527188078,-0.0185313145466241,-0.375641191967862,-0.381243351820168,0.691752348292234,-0.382543702461178,-0.430321011004941,0.13019330748209,0.47408687651736,-0.37535867264554,0.773617435151204,-0.728997490793599,0.412142828631329,0.128143296357453,0.322531802441546,0.322404424927012,-0.136804095417241,0.51981345494944,0.235474254963314,-0.177317285006547,-0.149012883443679,-0.244729314350929,-0.75441230519887,-0.893527281674395,0.226104756781549,-0.565160920713142,-0.65960067231784,-0.0757618944811262,0.45901128305581
"EMTstroma_Wang",0.500381460455537,0.453379233951162,-0.672483930822249,0.0557511737089172,-0.732434976207275,0.58139179060158,0.00880281690140827,0.111287227454705,0.589736908778924,0.508744757749466,0.656662494596421,-0.549217175673239,0.184737057692914,0.198897803895388,-0.176060015445148,-0.515057588901321,0.376216191827941,0.483340369190624,0.531118773590336,-0.609290322165363,0.118166542567174,0.733135205135284,-0.477513125369728,-0.20764024536513,0.439716977704584,-0.25687807399955,0.250371400077154,0.669807254485825,0.161935677695966,0.535233020024765,-0.327857781036904,0.104460093896714,0.249382393341122,-0.143081603328799,0.555146654733311,0.0780102040114491,-0.492907953941291,0.540315872607278,-0.572741245656211,-0.442862757297062,0.419361189204879,0.747278929507132,-0.549661687464423,0.126981478126263,-0.242815885985973,0.654564144006539,0.595037741538637,0.273102801204389,0.493579305289108,0.256364320064079,-0.48556900055217,0.767416432314214,0.81207957166143,-0.135039486500827,-0.170860077570142,0.14966292492376,-0.194437789339837,-0.657721854796894,0.360649298371674,0.505634205116449,-0.0930491530467905,-0.677360324271618,-0.217840851736515,0.182234213300449,0.0978896141074061,-0.626911753003865,0.302552799128713,-0.517413360628338,0.592413374076798,-0.381736250838352,0.643151017399958,-0.0398902228458902,0.112759892689467,0.0734494687422788,0.376375073787818,0.03931924882629,-0.334681796985683,-0.372192954162629,0.476456444469798,-0.364999134592488,0.0193537109179877,-0.571647219742951,0.143944752975624,-0.318797579634486,0.389490790899245,-0.0220698246795987,-0.546486495155337,-0.668506780419121,0.348987213086283,0.479505967309379,-0.0673883262283477,-0.801385818212149,-0.275109094100135,0.417527981577683,-0.63752648009665,-0.628623775491067,-0.67306812283381,-0.64495305164316,-0.420774570740665,-0.455705818258708,-0.643634991991936,-0.284361121685054,-0.453590077317564,0.229612079069531,0.618442489928178,0.197152228527686,-0.150338320369641,-0.286428134884251,-0.518689890658802,0.154928786910958,0.624402509033647,-0.648473577118412,-0.437652068126498,0.315889016807947,0.198221562879818,0.521020675334063,0.044178673287154,-0.601545138727879,-0.353587515056504,0.297310813665712,-0.391623193080348,-0.530343827671885,0.70248859835674,-0.389297052377043,-0.231339210747269,-0.201957155778706,-0.0432734069615959,0.545790008571456,0.547229086124313,-0.5319186755146,0.66396331714074,-0.0706957260806257,0.410277121184573,-0.658408908736942,-0.0666185759244124,0.245622894589274,0.223735454631566,0.601927450356762,-0.317428515046785,0.671541927280464,0.413084302918969,-0.433032224762163,0.189773163737524,0.568015999354036,-0.479676038735513,-0.0945432738089868,0.487181805508139,-0.14151854685086,-0.0410676104476496,0.0281063221683637,0.507913935351074,0.771987867371223,-0.46399930888204,0.70843634039398,0.311667843837855,0.360363964398984,0.356509986229796,-0.763766280735993,0.107481130477081,0.0909624413145524,-0.536539308278679,0.513565013268018,-0.604455344245352,0.24971627196281,0.238019374653302,-0.253917043894156,0.0740217250136072,-0.242491588714725,-0.299178754116738,0.227699530516427,-0.348019909150775,0.544925747058614,0.611342156577258,-0.560186133170966,0.493003681105983,0.465618735568711,-0.785998967601446,0.684621943027266,0.0757042253521135,-0.71605708838327,-0.514026932411113,-0.378325423887322,-0.122652582159626,-0.385342167229745,-0.733314114707703,-0.0845070422535303,0.428809025093939,0.413278569043632,0.385704280070484,0.484458484300498,0.250058078654104,0.661951271241469,0.217998335297312,-0.0875472079664639,-0.492233133120603
"IFN_Ayers",0.463778160639462,0.763157121833389,0.542376563757581,-0.560136373816372,-1.94662226706572,0.433886596433361,0.238579549171685,1.21547177876151,1.22814108448261,1.01102868126737,-0.706956964134638,-0.725480451866241,0.205808950902109,0.399358295728348,-1.25203050157209,-0.814520349415024,-0.121538499176879,-0.0488912448282323,0.800450569402367,-0.534860712056223,1.64356472838364,0.734371838234991,0.41007933507995,0.933367214109181,0.211531285353817,-0.955034903116836,-0.85900907020367,-0.310512734549011,-0.920687529602384,0.282939908572932,1.13345504057113,-0.476914798765561,1.67637199869475,0.368371004646312,0.561024814909237,-0.990546011175173,-0.51071554237214,0.773464281185425,0.817449449067797,0.317471476280326,0.460301400112422,-0.0504294144424104,-0.456109731684788,-0.267453597833752,-2.13007653692089,-0.898004435602067,-0.190384943587077,0.292040036399892,-1.02294051268764,0.424915390519175,0.220558978682903,0.327497791621096,-0.774570568463728,0.402353172658373,0.250840371212022,-0.145887260895409,-0.193079943988163,-1.14814546108376,-0.850456321491957,0.221161793288678,-1.67990457995712,0.629169500255598,-0.734731847558193,0.0968083212122676,0.56302440541064,-1.07959573601286,1.27705219909598,-1.06892335105338,0.0811943644080834,-1.62015397812955,-0.157803813972017,0.878475638574715,-1.22588581090909,1.26982441396317,1.24005813976887,-0.181429562614377,1.00170117953592,-0.2918621380014,-0.809535238206455,1.04002932020061,-0.303031126309861,-1.78944394133796,-1.21308191841645,-0.316444348555433,1.24973272305752,-1.8880810683648,1.04565425362514,0.519127996878818,0.398800559880448,0.334489645597584,1.18343571658931,0.636477461686708,-0.247049637188143,-0.977496645102723,0.98394222244518,-0.240031027061984,0.950672745342821,0.917297228225779,-1.77584513805667,-1.05606598436681,-1.25045337536662,0.375172128371076,-0.16077251486488,0.80055144734251,0.56810007990446,-0.535991364639478,-1.98404527250783,-0.840335374927901,1.48468774115726,0.371818341368013,0.461921254091001,-0.814248010627938,-0.68633749136838,0.297574629405031,0.783860433821665,-1.25357718663115,0.472090214145245,0.615699554580579,1.34923436550683,-0.434048742855664,-0.704145254203265,-0.323720620358646,-0.967915694585574,0.535421399546243,-0.00168233348147616,0.55312567680884,0.960786981508483,0.263971579158876,-0.498358959443979,-0.399076222558015,-0.816521189177577,0.857294623933602,0.0798875477838763,0.0863253355018329,1.01997982732263,-0.123330150904758,-0.567887386944846,1.05971690278194,0.576368652910992,-0.113610991854647,0.509916090763814,0.685321720695293,-0.404780486353092,-0.512483611559194,-0.7257319840686,-0.736018106831039,1.52492709409167,-0.225219842623958,0.798697421704473,1.60097470194352,-0.0409546879881887,-0.636333637490736,1.17597447876227,0.448607566008087,-0.0254602127660119,1.03043635306757,0.903592667169683,0.243341981616814,-0.502088833277919,-1.88808193737187,-1.15663287928909,-0.987875902377942,0.703699575925286,0.621834448671893,1.05072366318364,0.426006063423212,1.1963916422746,0.203984635572961,0.755446439781115,0.981296859906725,-0.0745311488683868,0.522463270388891,0.282060275159844,-1.14105861788799,-0.0152580492524721,0.930866989365089,-0.339222160192746,-0.106829907072411,-0.618463374229663,-2.6565635597083,-2.18041411455406,1.24735588618506,0.0944621234825344,-1.34378405498271,-1.6573515140543,0.846971125689111,0.0937994850706287,-1.22005364357345,0.787230551580829,0.631579600913643,-0.968061437973263,0.226820176481281,1.28715024116113,-0.399736173098782,0.109783043611259
"IMS_Cui",0.474358764794718,0.580675816684743,-0.421000892499101,0.262735902579025,-0.664095159172527,0.668442906535139,0.203823344089955,0.281799991064645,0.492198461555222,0.638216471185136,0.350891133580279,-0.515541924932266,0.0373522031101106,0.344175279096532,-0.646465019145953,0.0561467493017761,0.491047371878588,0.320623580028814,0.345927735720325,-0.411509412318416,0.237858602752791,0.542939842536605,0.0387329861709323,-0.499806837157603,0.427883164728162,-0.309507741887804,0.246792802804895,0.512158800725431,-0.0551967116852581,0.509194095617216,0.222321529105512,-0.468250213236538,0.54030740614106,-0.516887895143563,0.352659002970697,-0.307323776660748,-0.421626303228513,0.66880187609316,-0.366544873025277,-0.169464132927241,0.477674008422541,0.655659050693201,-0.504434747310726,0.180872958732476,-0.589912594800967,0.444721835046782,0.501629752348999,0.0618140098185148,0.084535637527921,-0.25509113279301,-0.380148678053288,0.476997508567246,0.442337330489803,0.0758335177628395,0.0360310186390346,-0.196532923717627,0.207019937578167,-0.542544400555943,0.390581263189078,0.714261942541226,-0.406633652754716,-0.489450858305764,-0.185863570736477,0.162022552366613,-0.13799177921315,-0.716679286682252,0.432655313294899,-0.538230966508393,0.542294610354319,-0.578214855255474,0.494296531713425,-0.0365217507596297,-0.207111358833925,0.0610687022900745,0.534744505068693,-0.0401733299680402,-0.562415232982117,-0.160488590481751,0.277068728896141,0.124765149445067,0.289891102180787,-0.454655837975667,0.332883747040365,-0.170534383487112,0.573571972935299,-0.0990996543332089,-0.0842546728891045,-0.660011681929135,0.287912224126839,0.618346791536855,0.514157901009429,-0.412342352331475,-0.121591727721557,-0.0358512312625661,-0.452334910957775,-0.552899672458172,-0.601719265768968,-0.325482254625925,-0.422527299455973,-0.577739679831842,-0.497816180219721,0.00952087063113594,-0.360490787086116,0.292084525840617,0.407910886491733,0.0947361123917141,-0.644780334530279,-0.354314903583236,-0.352253057264651,0.146400887562041,0.547960692378592,-0.541292603248033,-0.339525910952523,-0.205886066942744,0.333328378067006,0.234050055363486,0.00114963439294521,0.0244328608001755,0.316357626984472,-0.0169343014910389,-0.500869422553212,-0.471649266413781,0.445231461171317,-0.513914350683353,-0.467054257986781,0.220157868207589,0.0126620753198608,0.398645843482058,0.601633734067821,-0.581674617023816,0.235118511846074,0.359410344682014,0.354322097734054,-0.546273674017815,0.0534351145038151,-0.0204503218544369,0.178356043784848,0.486730768047857,0.0153843429024515,0.445012456316686,0.331638593607999,-0.297529948989834,-0.0231842745995964,-0.0724378413597267,-0.509521116849125,-0.118297721992248,0.622434835305473,-0.0561157910559184,0.266554139732049,-0.00619199340818719,0.579412819669948,0.600262802555358,-0.522268707685855,0.619408074895936,0.166177334116273,0.470438444828147,0.420092600617099,-0.505060045332422,-0.191791606609098,-0.290469007301731,-0.630191155245573,-0.062218110697087,-0.427103736583911,0.203779797470635,0.290239049027756,-0.237022757687236,0.25128067399964,-0.265825140174223,0.0514883609794145,-0.0923475968324231,-0.49793803965254,0.291649586190853,0.405706243740211,-0.279835400404244,0.246971105096859,0.337014178768962,-0.482436241730792,0.527116633440757,0.344269827063898,-0.53897400309613,-0.427489407434716,0.150848954629462,0.221899434434589,-0.407470227474682,-0.277299304545556,0.223135642982971,0.169797974822582,0.285360071843037,0.489178492670098,0.317269294829808,0.295622765484589,0.28508464421803,0.572019156695957,0.200718618006711,-0.192887445377971
"Inflammatory_Thompson",0.186540731995279,0.461660284910905,0.374907625814428,0.0719942083578441,-0.572607782112753,0.160566706021253,0.602674312700286,0.595954667158018,0.696603803685102,0.322788672473645,-0.518382774467263,-0.591750917625811,-0.0529337268067711,-0.128689492325844,-0.699046897989158,-0.282493455792199,-0.134866526554467,0.0762451454975236,0.515075833257655,-0.605024249676281,0.742920489589063,0.401331715577799,0.343258633370143,0.605097367036033,-0.532908957780811,-0.62964012176196,-0.611233239658352,-0.570010325530189,-0.479377578007728,-0.165757315089065,0.638242332608454,-0.4406769230566,0.756565021476056,0.503382188213211,0.170835100635135,-0.734244297578795,0.289224953709278,-0.111053657293854,0.519902889606429,0.155830735022861,0.643040383163728,-0.321321557362235,-0.259346601770837,0.136363636363644,-0.557324503984992,-0.6307745662865,-0.367075330434515,0.404010868145115,-0.575515550145591,0.184263201272159,0.339047852745529,-0.0308344683503355,-0.716181067278287,-0.150607804517753,-0.370496888388293,-0.501549967417179,0.339850982743119,-0.550790703317856,-0.419307069782928,-0.081463990554897,-0.666835189398549,0.399057058084577,-0.495764446222823,-0.260392977427132,0.421623048238523,-0.619392555693947,0.69190366714314,-0.604772409899974,0.21935904211804,-0.644955885865009,-0.468383865794992,0.718371717216798,-0.459341918438643,0.634696682468514,0.767697526882147,-0.619460848397447,0.550318926861931,-0.36906321638305,-0.403015638584237,0.553347490498325,-0.475361481770883,-0.622525986489538,-0.0120699301372271,-0.465486666443598,0.746804159102543,-0.562215871492071,0.688634445110264,0.00741332164257646,0.208300857579157,0.312278630460459,0.652473905033292,0.58904319642574,0.0202278807636626,-0.690826294566485,0.198556713378851,-0.376913887172546,0.284637061677543,0.596188053163131,-0.561295941142062,-0.503440711459639,-0.654562687989474,0.193830508026575,-0.105057459671433,0.594203450508432,0.0589256235959028,-0.498592872202896,-0.620876503841688,-0.525121113726935,0.765364308535664,0.30644919766376,0.0945913042365368,-0.525807950105783,-0.594986054152947,0.331026864126316,0.491791301533939,-0.68587360549998,0.194214876033066,0.441462279213871,0.632727842749782,-0.702241439270299,-0.228437039878212,-0.399459661350069,-0.372705345486674,0.353218202882162,0.0672963400236144,0.0177095631641169,0.474359212727144,0.0550799814288116,-0.428937188041179,-0.262691853600932,-0.633873544085751,0.704221840677234,0.314968487704089,-0.272092802912791,0.682596736728068,-0.470458627740161,-0.405791109371742,0.572381595259374,0.567410512546545,-0.147078728750368,-0.0353553752125607,0.525734226951231,-0.453311571556604,-0.33075085833705,-0.483250114710755,-0.486367965733322,0.643233386443751,-0.457964976757055,0.225842250090646,0.641766885703428,0.0509295108511603,-0.413588072723551,0.680047225501759,-0.369035258939304,-0.258629556068184,0.727767792909654,0.871466230353371,-0.204325590921122,-0.13482727385407,-0.652955906778678,-0.618797460528284,-0.411702333797227,0.318061128100645,0.445375041062303,0.68610121571128,0.332334455519513,0.743574162853151,0.393831643514077,0.617000923293437,0.536865158822808,-0.172578355641854,0.252656434474623,-0.109751567505568,-0.367663892147008,-0.0550067075500136,0.613169071266452,-0.141086186540726,0.423533606579029,-0.531008641907353,-0.66637435828253,-0.633191125661869,0.778040141676498,0.283521267142821,-0.515048757818598,-0.511872126982823,0.621121139686619,0.474025974025974,-0.568091224706894,0.635644051076096,0.424822854927925,-0.341138758325704,-0.0918228371361889,0.617066055888416,-0.359601563485041,0.469914317080635
"IPRES_Hugo",0.146435299281934,0.232967768502051,0.0450462339598961,0.153365431715646,0.048460517070885,0.302831334520811,0.0970562317268663,0.172505052275248,0.161097771991353,0.264803771732028,0.259965104098545,0.123020805137015,0.168635108506942,0.289672020917631,0.0754199994364726,0.178179626951558,0.177894628566208,0.199541868236016,0.21952985488765,0.120226054307048,0.0793112535844822,0.238123063502391,-0.0477684474302098,0.0161988413414575,0.217121186568182,0.155448183235443,0.213360151404547,0.316395607275704,0.160341183392135,0.133946191364646,-0.00140796460640549,0.0720362018050129,0.208934776695024,-0.00802827390399304,0.245960124205199,0.203046991560066,0.0565357837943632,0.300062082540811,-0.0237183735551512,-0.0417235709000682,0.126342195306314,0.3083226818997,-0.0485537255269506,0.119919655979305,0.133856139330079,0.309933261305957,0.275741056895142,0.16314654105398,0.1741434905977,0.111754856805265,-0.0707454389440296,0.275172755599912,0.304836518881372,0.0983021375970559,0.173982926619932,0.163712631157371,0.0817783512554239,0.103611775813676,0.275742097349851,0.254089945540643,0.118246536408603,-0.0776875646495821,0.200738631222599,0.0935149546597763,0.0692051615870514,0.0533476922273777,0.109558957079527,0.11776124923032,0.294554981986244,0.0811287390555698,0.261637903325004,0.0331137333298642,0.126616127516014,0.0387325898217203,0.125734103855402,0.105759576266644,-0.0396300390033102,0.0807985747673623,0.264392584068213,-0.043324972215969,0.17566181740441,0.0997005729650951,0.171634021674588,0.0207071271623235,0.139503560129801,0.222202220257523,-0.0674861912588853,0.0177588337682823,0.162774225068598,0.180201044628485,0.0920315540245642,-0.11706666593193,0.117030203020878,0.220924908922157,0.0298504248613037,-0.0411220348445699,-0.0807625631236348,-0.0794799902867923,0.0965386170853209,0.0849494032675259,0.0345711919409206,0.0430040091347602,0.0700146327313763,0.0534092645217509,0.209519593465528,0.231917953058389,0.0894936282139452,0.0871068515535073,-0.126568590627114,0.13361955947425,0.153762711502241,0.0620358131036273,0.143682978522324,0.0648521341224622,0.105858382151573,0.311717784771805,0.173851572814998,0.000995904380649046,0.0198084283271183,0.223245018010919,0.071492417909805,0.121961085406956,0.285199448692802,-0.0656598022759127,0.102034397302378,0.0530908296090732,0.0993409900092758,0.270672729221405,0.232750326598415,0.0442178192818676,0.293357542650154,0.0955842557858073,0.212181995032613,-0.0355426355688123,0.052760719136222,0.208214807182542,0.169275078120266,0.228031370604702,0.055808471635564,0.238587373852762,0.231943698105613,-0.0492224119128785,0.122330821391163,0.247328002602012,0.037388617359667,0.132486403954895,0.216627103946036,0.110926420740236,0.117904179633617,0.11007162749754,0.175746025990807,0.347469630192882,-0.14553881813793,0.359320523764338,0.166190264082609,0.0937610996401413,0.0879613318442753,-0.0190839036707854,0.0237094134357304,0.257965524679639,0.0326205267443423,0.162990247949413,-0.0169478253533223,0.112234501274073,0.0790157870452467,-0.008200364312584,0.0175395171042592,0.0673150797584462,-0.0173068547145825,0.104175674172468,0.00764861819390134,0.189987269713517,0.271346981709303,0.0655800692821271,0.0862632088986296,0.181140481946765,-0.00814779403849252,0.261713807610691,0.228178144626786,0.0844057965269395,0.111612976102472,-0.033864439966006,0.104946763335587,0.0738485768028769,0.134062164588594,0.0921897833470919,0.18400483045818,0.318505974268505,0.132852388549866,0.18887687523797,0.184926356304681,0.220212090710876,0.256034963519953,0.21985384409856,0.0315703867565717
"IPS_Charoentong",-0.281966148483775,-1.189273926744,-0.0256976605660938,0.197929794100008,1.38750993947947,-1.18695271771154,-1.07274440444046,-0.891308213273044,-1.53427345032062,-1.98456802663555,-1.29526775426249,0.465271843011038,0.533308025315176,0.501354542892281,0.758853145265665,-0.150968811260241,-1.27152185938374,-0.199369733193961,-0.624720615870653,0.178464397326218,-0.0104359056226181,-0.747423828939755,0.0319370426287275,1.34158083487329,0.185290200555671,-0.850311756489963,-0.590159984701859,-0.443569716492042,0.798099947351305,-0.353778779929871,-1.95243016073735,-0.22250933558363,-1.3698694491037,1.0154603332971,-0.273458375236244,0.216718076674168,0.549046644660356,-2.2555518053129,1.17669734519648,0.498807443407892,-0.645966561685912,-1.85539763780068,1.02762392433506,-0.412860383793031,0.311755915914336,-0.135792312132046,-0.689204300960007,-0.118275857638746,-1.24940924591222,0.0859651686954182,1.34061904154033,-0.45826927239686,-1.4186820493998,-0.692261023711829,0.278745853091713,1.77416558326947,-0.651414796876088,-0.142522250444106,0.0587196294800136,-0.340671096049931,0.24862033332656,1.85600185337446,0.143758158729206,0.461488751026389,0.885138463124066,0.233575415827948,-1.25080966358849,0.755064174588081,-0.899303772432079,2.32157050388613,-0.33668757487468,1.2026704744363,-0.626803448418184,-0.191723734244718,-1.54954897047211,-1.06873705679873,2.30913126930399,0.746315163906094,-1.35359366247423,-0.703996359179715,-1.21638731345542,0.0970215749833166,-0.359746932096316,0.873748128103993,-0.557212114901519,-1.97472587148164,-1.2460583146171,0.738734281752975,-0.545634607150347,-1.89035833663227,-1.06556556728478,2.07727026057555,0.967027076099704,-0.670292846874046,1.72671856573246,2.35650639107778,1.10185359195693,1.04988894585991,1.08290542514864,1.28966967264058,0.898104949460716,0.163241889613281,0.289787374850319,-1.29130190562705,-0.289522397986643,1.78436477488832,1.41383999398014,-0.158979138579887,0.703534567131532,1.37701999288778,0.063043767190458,0.16038980779245,0.681809379194196,1.10043502442512,0.520669648411424,-1.07275563073766,-0.43890926570711,-0.928519073982954,-0.821567987527222,-0.727209276040114,0.241909691655707,-0.285193297965411,-0.537376215075726,1.49911608793814,0.925951737222694,-2.19125947065558,-0.181892444725348,-1.45782470136594,-0.395353321922025,-0.872323268103735,-1.2785210581116,1.15587937827636,0.0490801253801938,1.04599629344645,0.956671163579907,0.0747287592020314,0.106957600628092,-0.777562115680896,-0.220739632904111,-0.351472496577203,-1.5376462912262,0.936694922887852,0.252855947487158,-0.108854500264547,2.42144416847065,1.31362537719266,-0.559655560599093,-0.152748920313076,-0.323512403290758,-1.30210145409878,-0.619006506159562,0.141406305240563,0.675796856584569,-0.432989039990664,-1.09308071052283,-0.94258763214833,0.731469929845802,1.493303878466,0.355346928511756,0.384383362515489,0.856009531423031,0.342457350444652,2.65029513692095,0.90261740027307,-0.302893761084732,-0.109875226836628,-0.670773399913815,-0.926505219276412,0.378871346685954,0.420321469240013,1.12814869761561,0.432330923554942,-0.759007052616389,0.126206719871688,0.435564864630683,-0.708807504692508,0.913786485913062,-0.632064403221035,-0.0708686227796933,1.64586976330225,1.17408264644414,0.66646796921322,-1.29826389272204,0.459101782943962,0.412737663102622,-0.658240369720458,-1.07785150004751,0.271118619784196,-0.920532491149525,-0.367985800633389,1.05350189714958,0.131675213376682,-2.04082146629271,0.459280984380035,0.973092486500253
"IPSOV_Shen",0.0112956486060738,0.0458141442731561,0.187790585264225,0.128370111333217,0.0524762483449386,-0.0125434898119904,0.0582285042281389,0.146276004302387,0.050137059324356,0.123738643851674,-0.0642994591364153,0.10336977442855,0.0996984336899994,0.172054080453759,0.0797848914978165,0.0806805681209917,0.020779289279488,0.142233035077222,0.165427219739926,0.211568078896022,0.13698727847081,-0.0144313887870757,0.138271601852309,0.145736263396112,0.0520266206479036,0.18021529281085,-0.112222535391322,-0.00672280969519318,-0.0104645141514447,-0.0451427107806444,0.119157987798412,0.106703460415667,0.0414946395926986,0.0984174015415682,0.0829964243110562,0.190247812707071,0.138601604173994,0.00864405354155385,0.245915936684017,0.150476438063691,0.0156934510790902,0.0164472166423493,0.121703577408598,-0.00151893007311572,0.055354876938236,-0.0896379613808433,-0.01481463900918,0.111374279302491,0.0513778466262895,0.152785266526065,0.259092695255665,-0.00894118548607173,-0.000796843728787877,0.151657872250296,0.0653013759550201,0.0827511905076348,0.117103811514837,0.159065391554251,-0.0589816713281847,0.0519850891688237,0.0576352768014041,0.200903660190689,0.113391715417332,0.054398453916874,0.153528447193046,0.0947042725240004,0.0793659090188767,0.099147579537616,0.046553816519644,0.045490285055946,0.0790857810395776,0.0611023498097773,-0.0124506199384548,0.222548332027697,0.208592576092057,0.0285195653724408,0.123931723712887,0.108758590853679,0.0721452544664302,0.182087259547965,0.1092671584078,0.173445069100212,-0.0904593959775853,0.0935623423159157,-0.067483748235672,-0.0768341216532326,0.0607230713673828,0.106770202775417,0.116547578359855,0.0903595482975848,0.136172596760834,0.183716185807224,0.182688211087784,-0.111281231516381,0.0874293700778624,0.132731121770858,0.165742853870953,0.202108154503439,0.191201349727086,0.0586615895903583,0.180331577561898,0.180538421750102,0.166689606384756,0.151992937982882,0.099127626936846,0.111229891580114,0.14465442255615,-0.00630887004094751,0.148461202468289,0.025724961499261,-0.0683216855311178,0.166840949507578,0.106284088943564,0.0208503978906958,-0.00763529223473135,-0.00657329049427958,0.128310669003992,0.17147417155104,0.12471995756837,0.204140632212404,0.197543945625398,0.0671002117527243,-0.00863325339488704,0.0436045997442802,0.148819080728636,0.154007567527054,0.0156847088932986,0.0512014542291622,0.0316764642855223,0.226626593393632,-0.0419280973389397,0.0510443583891085,0.166009198723112,0.0621586133946075,0.220882800124112,0.0754223192329357,0.000616156634304902,-0.0146305081365414,0.0809678172404581,-0.00411403920429371,0.0847420467894538,0.177628458704529,0.083564766045178,-0.0618995341871669,0.0778876448433787,0.0142716781728691,0.134336162718594,0.0452472804323454,0.0543342853490978,0.138364034695143,0.0489422242471221,-0.0407049180067319,0.14948202583248,-0.0322794752310358,0.125766269393786,0.165921297063294,0.0892736157361969,0.152116986134901,0.127844553507932,0.00158491166576847,-0.0014886743476963,-0.0187303422457271,0.0414762916456761,0.033594098170648,-0.0123772305184338,0.0313519014516939,0.0246033470090341,0.0623452814305106,0.18962331981443,0.0948131351391947,0.0153885869460673,0.0524710515147332,0.00639610376803354,0.188420022356982,-0.070037582630343,-0.0035537411842863,0.141882016646903,-0.0588044656762312,-0.000971168268304373,-0.0235478376876116,0.0706886943690619,0.120250906157663,0.10461770219624,0.0206815799048833,0.11810511424949,0.0983014476602099,-0.0687544463875735,-0.0516615956463041,0.0431301814029655,0.0888893607908235,-0.00581410550006122,-0.0586918643354746,-0.00497286711914407,0.0716320626509498,0.0635086126043786
"IRG_Ayers",-0.0500316991195451,0.843852422588334,0.41256167338051,0.341938854120168,-2.1292767355867,0.338962738603217,0.371134462844149,0.89446328649324,1.27154145889263,0.886844397883391,-0.406270724007207,-0.808668615962211,-0.149005426537556,0.547532308732536,-1.32234451069948,-1.33431772243067,0.0913066633686903,0.818235923544685,1.06601072533547,-0.538978944781127,1.82025796816212,0.583638705194256,0.480651356255963,0.41551394498607,0.450276717267151,-0.795627888902305,-1.38690790416712,0.00530378950552636,-0.757736952636589,0.44029839356117,1.15209086512869,-0.900714215706271,1.41055872625901,0.523990091290568,0.467339147348179,-0.973829004680562,0.0172523219987376,0.73137815670906,0.459960015098632,0.19766777410264,0.651347802310462,0.222723492789926,-0.42593966865076,-0.353229074295638,-1.48954645403007,-0.350580374081084,-0.266961073778949,0.32809254516425,-1.01094793022694,0.703373213290203,0.82255198571701,0.45938349038912,-0.748588509304728,0.196656850483592,-0.206727608365815,-0.0291089515499169,0.483677182805613,-1.57918898825455,-0.769932623729249,0.155749655369543,-1.52934330163216,0.578374642877579,-0.324280273180369,-0.327677115933029,0.395414858965382,-1.34059665111791,0.899384613659188,-1.03940064275383,0.0431343315924553,-1.48576176067382,-0.00622427251714204,0.945473972245334,-0.863273359701597,1.2217953652464,1.58409040994645,-0.727813366939182,0.652211156823227,-0.0911811241117135,-0.540246102029707,0.926876118386597,0.0573978909903928,-2.02489264647243,-0.830898813628842,-0.874304965472461,1.14699310852037,-2.3265437189627,1.11539112874441,0.0944915818780538,0.853719146715505,0.361929052270902,1.14980979929875,0.37689307349142,-0.0164955969759689,-0.86093813241063,0.793735375575498,-0.318063729453798,0.668867930312246,0.793637470975297,-1.70472881364877,-1.29822016600781,-0.926480274398142,0.0120526579391763,-0.521845120618157,0.339430410826284,0.411625167640707,-0.578050134303314,-1.84511997889088,-0.743009803213892,1.57585523883131,0.319038147083343,0.335151663591823,-1.01673145641955,-0.685719189591625,0.526710632318991,0.72886398894996,-1.00290564221244,0.518453810400296,0.458589569399852,1.16974664606547,-0.357749356736811,-0.459234156974597,-0.538226059117579,-0.332385744579504,0.469515458824712,-0.0942275925247804,0.353054274978905,0.714593299382466,0.134160454388167,-0.572663119984993,-0.480176618569738,-0.519765184530154,0.896119040598617,0.546843729622838,0.259390073101447,1.02249676133001,0.0556216051841292,-0.131345795602502,0.876393831340587,0.680880508586479,0.0226121127953592,0.295600565465686,0.533373830944082,-0.650446902242503,-0.2524427138267,-0.685129276935748,-0.633724908357441,1.21400709865244,-0.456312728623486,0.822372845015817,0.974901605604721,0.177242495365276,-0.317054955298766,1.1549813352812,0.137816366546167,-0.105300137122265,1.1579657304739,1.21731229673557,-0.061479946585631,-0.00870954224973718,-2.1504155853859,-1.56262081620446,-0.146171341016953,0.44838087595625,0.350296216827083,1.08208467072498,0.36795532901085,1.28742712434363,0.0243181693689541,1.38626701612393,0.826512737935295,-0.428467301135238,0.302276740672449,0.0619799822936541,-0.904705938066507,0.364731221259963,0.995676463056037,-0.134603299702957,0.377901918405748,-0.885798112989139,-2.88314798764157,-2.49919674676133,1.0642550709721,-0.324580291183735,-1.41297629998581,-1.61163820856449,0.632863437333821,0.121644923606208,-0.654515594840529,0.417077867087235,0.692550347878933,-1.16209294451708,0.147128244798616,0.939491886956074,-0.186672279017948,0.511851608265912
"M1_Hwang",-0.13104039689877,-0.0551861799637315,0.179233303817514,0.242529353094645,-0.139564791927169,-0.122081144646625,-0.0225982973940196,-0.0041310476141091,0.260810489246931,0.0593856537624201,-0.081273124035042,-0.294001071112642,-0.0178844568129519,0.169035769984516,0.0220730600836775,-0.249284345628278,-0.134650888060826,0.367275927071478,0.290579970399734,0.106100984799949,0.598791688732647,0.100198825470375,0.283583660625701,0.0657041883315184,0.0478629708792838,0.0684477381530477,-0.265786940553122,-0.155208588217638,-0.16693252296558,-0.0110001673020587,0.250799466176082,-0.0623802361121218,0.31417358686146,0.17384120057004,-0.176213626771102,-0.150175163329198,-0.0342640555405215,0.0965741534604721,0.229338553564028,0.0953850509517259,0.148288019730328,0.192849936488271,0.0961368324758623,0.202128522030902,-0.077324823336979,-0.204123201983369,-0.0637291498845404,-0.0585716342582799,0.0534402990479078,0.302504594737157,0.305208490025305,-0.00738806536889504,-0.247788027578145,0.186353766668561,-0.0568051917901832,-0.0533335339446144,0.487926387452591,0.181489919960046,-0.296647134634512,0.254498164663173,-0.18215271627382,0.465686931452053,-0.104267134941403,0.0541588766956224,0.138977610932974,0.0378530931376517,0.146324920502018,-0.00758224298571524,0.0418082713458681,-0.113535998171262,-0.0139866353083709,0.457321640767989,-0.252883181336396,0.326744009832532,0.372232113878949,-0.129189094351156,0.351446399354509,-0.121911623445983,-0.193304922272581,0.169726742800968,-0.0631046788324936,-0.0165511914676851,-0.217211893581879,-0.127084455667277,0.266239711692752,-0.235531147285882,0.220864861319644,0.186455282605572,0.205493417816904,-0.160677105927026,0.147369779467425,0.471379948327007,0.121295585953564,-0.238283835592407,0.217385852288355,0.0974487461244831,0.25522917706524,0.214106957590421,-0.0868326933213561,-0.136387793791543,-0.0515318523653308,0.249545902878702,0.0383339627244058,0.196613414557144,0.0699271220225847,-0.042290541649707,-0.174804299549843,-0.130030070048699,0.367044716126594,0.240868737635696,-0.203650463228297,0.0164249927452911,-0.196342261987105,0.125982427954223,0.345522319343658,-0.0697360338558557,-0.192843202781035,0.0962139052835199,0.200246992018181,-0.147866424346593,0.0390107204853352,-0.0634527049247502,-0.183372646799182,0.0601581716831654,0.0484684657691093,0.0831316506521378,-0.0201116934418631,-0.189891127353012,0.0787647893804579,0.110984529174118,-0.169645262605794,0.32451195643442,0.221810774478912,0.111799313109199,0.323088113629575,-0.252443514732407,-0.0946295471344507,0.181032829220636,0.345181675922396,-0.0846072319384241,-0.398702976418391,0.261749408072924,-0.0835532631914798,-0.375909417455278,0.182408640496092,0.211089658952532,0.196446771229302,-0.23778116223143,0.301814510951682,0.10657465571525,-0.00982334551676067,-0.136323189383827,0.424267639542496,-0.0544908968569821,0.151645013367584,0.332086136793676,0.479621100636388,0.294414266507362,0.136215711677137,-0.341890372479113,-0.0865088979419826,0.117485786398659,0.419468051627731,0.214409748882767,0.365197205522194,0.318706752243354,0.307766263787338,0.237803065740571,0.601297023581609,0.313130408424525,-0.0746027204394727,0.242672566086771,0.0869640148071581,0.0676016745032477,0.066952035757888,0.297412601518909,0.257396586388543,-0.00641326102308033,-0.314746486420719,-0.0227557713116941,-0.106763224915937,0.495604869467473,-0.0251947659062144,-0.0752644069690297,-0.0790389082227067,-0.0249390807858035,-0.0365462098954779,-0.163216756499884,0.208675112561565,0.152393278700999,0.0870581925290006,0.0432241804118369,0.13810944713224,0.0625832291395418,0.475929526992791
"MHC-I_Liu",0.134969787625467,0.246728108303785,0.292057326970767,-0.22083024396851,0.0365590702012795,0.155267422888338,-0.033883733778494,0.430161885299146,0.0486072042762339,0.335266422082127,-0.287157532408066,-0.223078971181485,-0.133440766412289,0.105447685532254,-0.176127342647206,-0.1047364517303,0.0372365259945149,-0.299440060390221,0.0714678849268438,-0.238858136201109,0.247917571239485,-0.00132394140819263,0.0626393023535932,0.504243507995,-0.0232506819805297,-0.444105019039646,-0.414917893018128,-0.0556110322221897,-0.383304941349358,-0.294177568909006,0.131238120384935,-0.399559338072875,0.433967205185654,0.200105953991571,0.00095787654798506,-0.216059615495484,-0.285744370780258,-0.15941839457223,0.351779694042126,0.0671383673421028,0.254856319390493,-0.167746964303401,-0.142873909727691,0.0191979390567157,-0.360926767736829,-0.241461824029168,-0.0285651780312412,0.246528363919346,-0.222125866300844,-0.0170347874103736,0.299893055532644,-0.190975300727503,-0.361457018592628,-0.358843066513575,0.313578199142897,0.107310860578495,-0.299714714797916,-0.276258142554036,-0.308757753301511,0.0362741320150307,-0.198440848402105,0.275360077953017,-0.235990212953262,-0.106006694139215,0.391282162173193,-0.176695829810209,0.427971907812209,-0.125452546844986,0.0304054461312157,-0.0303291283278477,-0.363269850422685,0.273063365977335,-0.173712113252388,0.155156032731527,0.139936364691575,-0.279289653238266,0.514250468389729,-0.207596169066979,-0.207462577212557,0.0325187533993899,-0.215124047547264,-0.17985965632542,-0.0294464048684033,-0.035324863477738,0.392053614452519,-0.258153090629436,0.22300876185366,0.243259547411226,-0.214266518138674,-0.0668201778471716,0.401141240299208,0.452422585583202,0.212274545939867,-0.485749531610271,0.362324757714228,0.0322384649164187,0.154160297662117,0.39786122663114,-0.0306526686621743,-0.184666026375473,-0.351990454884396,-0.00849673458753655,0.277004080137718,-0.0390959694981382,-0.199474974836875,-0.189221742692403,0.129667163432635,-0.189240683598284,0.298198520782659,0.383259669672558,0.163222147547014,-0.268205178475774,0.0484138818550576,-0.115466990687984,0.0424681612357468,-0.409033140407529,0.0798040382815664,0.0516938217178495,0.400326951598438,-0.356549092438003,-0.181055687184878,-0.127895916797931,-0.384285854701595,-0.0921693880404695,-0.00635731008547442,-0.114227776267663,0.336449007609188,-0.104941085732336,-0.342291990115597,-0.286132311791509,-0.418311488416642,0.166074599878078,-0.117272195653315,-0.148892289567079,0.317465292495685,-0.350010371936671,-0.347909997283413,0.283087526721208,0.303104762526283,-0.347119789482137,-0.264628738596268,0.183362148197386,-0.0953817291631961,-0.28950374979799,0.0128741333425184,-0.034714665978165,0.172879369090481,-0.299259227770698,-0.187052195363715,0.274235989113896,-0.14257713295917,-0.17932854176134,0.423394966558944,-0.188960346328342,-0.352428837717253,0.163454310680783,0.400329748805424,0.12619947005856,-0.135444493728115,-0.142099652320962,-0.106929821885773,-0.103798584767315,0.430778976890696,0.331583434459752,0.411627441925178,0.233462900741019,0.176811019433535,0.231533939798215,0.288702704707708,0.190512922007831,0.0719600584952611,0.292245492629253,-0.0269911144438092,0.0732495751751071,0.130785137970245,0.337284364683127,0.0784420301072852,0.038245631664119,-0.139918643266035,-0.0204827336954525,0.224028014202669,0.479320186967094,0.208398679250247,-0.220597075810128,0.0368115654874207,0.161575010843427,0.139894352307104,0.00775906124439723,0.440438334563447,0.31241731038928,0.272074250600484,0.069053599477152,0.323175653185896,-0.0455510745637553,0.422494493616997
"PassON_Du",0.0706887918815556,-0.0867652976823131,0.253516297670692,0.0326868024796068,0.202447776925282,-0.0395497008956515,-0.0177017045158869,0.081981371387608,0.0917689440437055,0.0123133443627537,-0.0710680978911772,0.0611454787686437,0.138632810574895,-0.0374269444855286,-0.0562572540996069,0.0875679553986032,-0.00293141483401416,-0.0485358665864776,0.000265455049068594,0.0933361556414257,0.0633096361874929,-0.100912291266426,0.208762606838549,0.178958468929433,0.0974425096756308,0.0872315409664454,0.00120088501193901,-0.20099184485334,0.0610838046742816,0.134462861822006,0.111949658782994,-0.0681102316719344,-0.0441037280067855,0.257279572993061,0.107890695660625,-0.0396213844886796,0.20824910235128,-0.251570097487743,0.39870683150599,0.236834619998742,0.125701765413394,-0.126322703819729,0.127437760002048,0.0548036201455461,0.0191690831063058,-0.102237829529411,-0.197663705676006,0.145529233787746,-0.0586675113268193,0.0745186455499031,0.328367196827097,-0.108809901402621,-0.139420879577413,-0.0564669680412939,0.117454256165842,0.0336430348148881,0.0036474027403693,0.0814504998721163,-0.0229347409402526,-0.0120848589095113,-0.0326053973877529,0.322137189042426,0.0435976405330228,0.00350201966360181,0.0618949160256975,0.0912114500179439,0.0194582943208252,0.000179899582791472,-0.125332277754153,0.086888079393046,-0.149754943554247,0.226553557983319,0.145737070438311,0.150283351534912,0.142561076781269,-0.0513876207698075,0.230492660717355,0.140621257625259,-0.125244936145251,0.257295442247667,-0.00412326574340313,0.0823529429311565,-0.0717464378875055,0.0312225826036542,0.0839952561935439,-0.0328181543930353,0.291306167014816,0.14180653943155,0.0628018516393519,-0.0105053482677427,0.13766770624158,0.307625854375605,0.111346259961543,0.0298897603573241,0.0842995854475293,0.270491103960804,0.278781092055454,0.384676253128117,-0.008288552376437,0.194347146007002,0.169276652762273,0.0925484797112741,0.0236570528124858,0.116491148341196,-0.0547713818859447,-0.0476349550674524,0.031978476879169,0.039903078822109,0.378667028779493,0.000162231100808482,0.152786441076321,0.0685280312407935,0.185705194745123,0.216074645354565,0.0690036196736711,-0.176395365725179,-0.0483335486771651,0.261704560101136,0.0915458564483976,-0.0648171260069083,0.289203252576197,0.000669288896493522,-0.191132239804224,0.294846020180401,-0.0121335587585338,0.11971779475809,-0.00268685275783941,-0.00858761721394678,-0.122100911202076,0.124206075294032,-0.144074239902633,0.173593035804439,-0.0259154048407522,0.310324513499503,0.218398310480023,0.086646607495279,0.0930038507280742,0.0157673484848169,0.0796106920244404,0.0303605086193635,-0.070582089792168,0.213113699930188,0.05372770589545,0.079371877888149,-0.00131439257307704,-0.130065860154668,-0.0975019957280465,-0.101712541610591,-0.0450351473173225,-0.00276219017590956,0.00997079128895032,-0.19898084417942,0.360058469856385,-0.11967383869019,-0.0280717586240126,0.0787920855824226,0.161090688868708,0.127286851810928,0.137545051975298,-0.126718969004514,0.113853763084211,-0.00951773036181446,0.299818663472714,-0.0224670416168789,0.139566419191584,0.194274550957693,0.218246378682178,0.0729413371690665,0.253365487945049,0.11484443793041,0.0676411806066789,0.0780518569123406,0.0472584393621389,0.175514843193116,0.218398825421774,0.0739110980341877,0.315491821566674,-0.0608010500731905,0.0601668057878452,0.102214829878032,0.041032642149914,0.289358875503907,-0.0796515664043263,-0.00116766123639448,0.122723144075067,0.0947891044187365,0.0951450700346418,-0.124508029919166,-0.000971564899775804,-0.0469777188146617,0.0345292600005352,0.0144033976410347,-0.061802111918614,0.0591043952629421,0.204827333637113
"PDL1_Nishino",0.341922954025771,-0.00465928945835231,0.0582411182294686,0.376656231799647,-0.771208967003326,0.626674432149095,0.657580681152901,0.528246942341285,0.790551864310083,0.840869413222504,-0.267934253065302,-0.926616191030919,-0.141525917297602,-0.275634075464066,-0.701223063482858,-0.151261076427232,0.749169111523579,-0.145020384391373,0.0780430984274905,-0.45952242283052,0.606815643396398,0.304601048340124,0.378567268491552,0.287428338865069,-0.558490015744025,-0.410599883517758,-0.61677344205011,-0.272404163493271,-0.378704104176649,-0.201514269073953,0.873616773442047,-0.0460104834012817,0.712288875946411,0.20374783375067,-0.196372696430256,-0.527053208918044,-0.428536272966869,0.688915643100747,0.45650776216069,0.0529994175888222,0.768782760629,0.0104834012813064,-0.0704717530576493,0.350906134216443,-0.482443026622378,-0.697146185206789,-0.200442778492396,0.206538587506198,0.399657815972036,-0.0433420946124695,0.128302957684301,-0.0984274898077984,-0.738473868216719,-0.114651374639721,-0.523005241700655,-0.620850320326173,0.35655261659676,-0.475785710786603,-0.619685497961583,0.107515477979855,-0.61386138613864,-0.0867792661618996,-0.593625244877452,-0.131624927198595,-0.0192195690157231,-0.562026790914412,0.842166569598133,-0.657542224810734,0.511582217045235,-0.789749563191652,-0.399980565123012,0.512672464000964,-0.364589400116475,0.46225722316477,0.733838089691317,-0.684579871157987,0.516645402680686,-0.688421006362582,0.544474158827751,0.501398081480602,0.0250436808386657,-0.732673267326752,-0.140943506115311,-0.507178602863466,0.861386138613862,0.142207260955477,0.677926616191028,-0.381479324403023,-0.0867792661619027,0.676325343186148,0.960978450786256,0.180206810914167,0.0483401281304557,-0.652300524170088,-0.31918536391455,-0.649388468258619,-0.105416423995345,0.440885264997093,-0.582888003663415,-0.882935352358813,-0.740827023878892,0.00232964472917513,-0.171811298776927,0.555037856726851,-0.0861968549796044,-0.825859056493921,-0.673849737914995,-0.419128014884346,0.632498543972043,-0.244833963733451,0.368666278392541,-0.493884682585909,-0.680499108734435,-0.0262085032032575,0.205799832149193,-0.466511357018067,0.7308234368431,0.531741409435062,0.617938264414673,-0.681679089541476,-0.291840452117155,-0.302453709604298,-0.615236832787846,-0.199767035527082,-0.632720919150762,0.216656959813629,0.284156164977114,-0.0331974373907932,-0.220029718785463,-0.195797792735344,-0.52184041933606,0.778761921999157,0.29120559114735,-0.42283051834597,0.50960978450786,-0.595224228305209,0.0209668025626149,0.45544554455445,0.0259691303225028,-0.275797551499289,0.0838672102504333,0.528709417118672,-0.301914356391454,-0.393709959231226,-0.694152949752398,-0.562026790914411,0.596389050669774,-0.542603307016826,0.545136866627846,0.735002912055903,0.0564938846825814,-0.563236060448167,0.708794408852652,-0.278706284493994,-0.00608918061361674,0.605632356670135,0.70588235294118,-0.136866627839253,-0.430401863715783,-0.922539312754858,-0.610949330227168,-0.0529994175888145,0.0337798485730858,0.376301461624699,0.753640069889336,0.670689608955977,0.717530576587067,0.127795915822573,0.573675014560276,0.359930110658121,0.0372743156668612,0.345562785840813,-0.0931857891671436,-0.214846258381486,-0.0757134536983078,0.541642399534063,0.0623179965055301,0.0553290623180008,-0.231121312823322,-0.337978461600261,-0.716365754222517,0.80430984274898,0.426907396622016,-0.537055145142998,-0.396781919751336,0.688410017472333,0.366692510072571,-0.53232382061736,0.726435992015491,0.744903902154919,-0.186953989516594,-0.012813046010481,0.69840528823271,-0.0966802562609147,0.447874199184631
"PredictIO_Bareche",-0.240209865154979,-0.466855733140656,0.321233758060266,-0.0750647967311376,-0.256994386800757,-0.166358965281279,-0.164267454551333,0.153946491523869,0.372221245270453,-0.141489979231935,-0.871197318987639,-0.108887377409748,0.447802489199697,-0.554485602156742,-0.576696896812613,-0.169718918304696,-0.33064392254926,-0.284399059188047,-0.0632647006612414,-0.250457682207485,0.72684986734857,-0.252201869361866,0.687303681041545,0.206156846930677,-0.578661449710401,-0.288111217883892,-0.349475271243519,-1.06339564948534,-0.466672898191439,0.110070235574931,0.972911383097492,-0.453871547481061,0.196937462012438,0.701464699380938,-0.7979313875697,-0.964042830139898,0.122586672272398,-0.660755758543189,0.731826087814879,0.554917027532089,0.724233424816579,-0.78773470767978,0.751495028421421,-0.0424068634854245,-0.361691613475176,-0.83264461895543,-0.980173193070176,-0.507460000887585,-0.150189241851533,-0.710308166137899,0.917638754243645,-0.78229719255135,-1.06972129387726,0.314550826794145,-0.558917374351482,-0.610200653980066,0.0143892059873084,-0.64125459027643,-0.384506418253666,0.169786531765999,-0.173650673661404,1.01188453517243,-0.638467698563986,0.471109381207238,0.477627439334602,0.120738563017718,0.428895238158359,-0.678827975871031,-0.756837729254112,-0.688996370697482,-0.880828152771738,0.75353448873662,-0.184814596656303,0.652747750347177,1.0137787633783,-0.942175483441786,0.0509549277138236,-0.125299553971154,-1.16702025428326,1.0616833285469,-0.536575278131728,-0.286586057527869,0.0130263159776064,0.0921078856781641,0.6953557248701,-1.00458084798796,0.952475737972437,0.0364883365686771,-0.0998674780261959,-0.270491453138505,0.675855405461532,0.969535843953392,0.223488148633198,-0.946946340353626,-0.0628051571380268,0.799828346789055,0.84396353841024,1.03633716809939,-0.25586054423221,-0.110824715810273,-0.154181694848333,0.799216368547874,-0.461533321543455,0.147002568516819,-0.338116490501545,-0.0356686909303734,-0.722621356314371,0.480515304937876,1.28284187185858,-0.145878867462962,0.125458847123618,-0.0342280216612224,-0.534425060225913,0.0436137194597208,0.782411792539213,-1.06313534175803,-0.46625756967945,1.12500997610864,0.921471409967414,-0.955967035155919,0.0774663070898841,-0.154582073823473,-0.792132150808555,0.798432446647288,-0.59082820623736,0.876932971347799,-0.180048055465215,-0.544530615126845,-0.833056640605369,0.743979800418343,-1.04822716113419,0.799558061538892,-0.0471499997400805,0.540479263950129,0.953597788554667,-0.717969901596945,-0.641099211877404,-0.263900964522342,-0.266897634320965,-0.841848048084257,0.0445307828495267,0.987227333125494,0.297239440589505,-0.766077493537028,0.299447592819105,0.205393202356714,-0.0759588925622596,-0.250096114592128,0.0216590421618783,0.193626906687819,-0.52926812846733,-0.783331828896425,1.19947145327835,-0.978077178735526,0.134804667968409,0.863386102112837,1.07887885617333,0.302888708375036,0.268698256147685,-0.759007854868628,0.18027737117949,-0.55391239492102,1.0076580439323,-0.262902207405033,0.644836553549504,0.254100909300794,1.16950935920609,-0.0329863444203414,0.828013493558081,0.0823595286558151,0.188747280953746,0.581479591074961,-0.717290108193321,0.322930827582384,0.492508267828963,0.649750131277108,0.462075303782694,-0.0559814440469138,0.0578845944508038,-0.484055903349261,-0.496823109418676,1.18707110810311,-0.615636501076546,0.110832184572066,-0.602023405091615,0.555065324233877,0.241304613552817,-0.783671821254804,0.657405830703006,-0.298752414313962,0.284253526649141,-0.10140062172201,-0.0743700487808814,0.0142264581945266,1.07367245352294
"Teff_McDermott",0.10389619694739,0.522107708718917,0.00699708454810949,-0.326476576613162,-0.554679102134258,0.19381276320052,0.766763848396504,0.639352738222732,0.670866095355895,0.0186441689058207,-0.639067055393542,-0.648195523782075,0.141690962099122,-0.493455213410618,-0.473469387755056,-0.301767723364186,-0.129423053127214,-0.518375409784974,0.0151603498542398,-0.551603498542236,0.920932555643761,0.460432420736152,0.534110787172023,0.511265661019963,-0.704956268221526,-0.67594232489017,-0.68456078083403,-0.722448979591787,0.404860148587156,-0.301211782729634,0.683381924198259,-0.0174927113702536,0.877180635337587,0.164112846413125,-0.447813411078682,-0.825660845907051,0.185682697873638,0.434802635787866,0.425411902101321,-0.0909620991253548,0.619241982507296,-0.447694944589571,-0.091545189504359,0.365832200393937,-0.467479833932521,-0.671137026239024,-0.573976267449411,0.0244897959183653,-0.175001596050303,-0.051513667599574,-0.470233762499122,0.161516034985429,-0.879300291545134,0.157697844889169,-0.499034256559726,-0.58642756993742,-0.283777208589237,-0.462019801160624,-0.4820027423885,0.136823140170997,-0.654810495626776,0.0827988338192471,-0.515482683221031,-0.38300086182229,0.530002650410818,-0.668550961779287,0.800000000000003,-0.579008746355648,0.220408163265309,-0.605247813411038,-0.658309037900832,0.669195759221631,-0.362534579048965,0.408740392744808,0.770845481049571,-0.51634173788736,0.397667638483967,-0.501584731979321,-0.231279911231889,0.493349125364431,-0.673928752410313,-0.650637459617001,0.0872155758855252,-0.515533886169573,0.904956268221577,-0.630991097737758,0.731778425655984,-0.0122448979591793,-0.115451895043709,0.00835839140267999,0.842565597667644,0.540119928195861,0.0835328628479806,-0.60758017492707,-0.0839650145772525,-0.572594752186547,0.259475218658897,0.451278491042107,-0.312590381333638,-0.392879459834156,-0.677478267847065,0.414645455272203,0.0589391637393881,0.671720116618087,0.391870718488974,-0.224787222422926,-0.534693877550982,-0.266271059624832,0.788861595007867,0.190417382025099,0.366763848396501,-0.540437786995694,-0.683884957245829,0.316352303869062,0.548503937562599,-0.731195335276923,-0.312772092964139,0.524198250728869,0.629089157787011,-0.79643427035712,-0.559141194662905,-0.380575528327976,-0.385021039407871,0.193002915451902,0.225072886297376,0.113119533527694,0.404801984012499,0.132361516034983,-0.3288629737609,-0.0116618075801732,-0.517486782065197,0.891089252790572,0.282798833819247,-0.187510834449582,0.562099125364438,-0.520198424785658,-0.29487267000289,0.172594752186588,-0.0821075600051371,-0.0848996808180393,-0.221975610520674,0.606413994169101,-0.283119457997823,-0.562746461805814,-0.491363176899957,-0.570975783386159,0.708654803384775,-0.439932408496641,0.574927113702627,0.607163393468948,0.106122448979592,-0.281511965281178,0.755685131195342,-0.55959165240682,0.265889212827992,0.706196203250256,0.867039252675861,0.194752186588921,-0.39772245894691,-0.596622570716831,-0.531778425655936,-0.440993567942977,0.464514227476269,0.34683825836999,0.600000000000008,0.323663188897075,0.78075801749272,0.336355507823089,0.580758017492711,0.523520238660251,0.0565597667638546,0.317908133676828,-0.49985816371697,-0.451311953352738,0.131778425655973,0.619241982507294,-0.355191747028453,0.522561098623695,-0.453537057441201,-0.262819867302236,-0.735738704473761,0.685131195335284,0.385942451514766,-0.226164908428605,-0.471420586556942,0.717799034917144,0.618318295808561,-0.510319447168317,0.70029154518951,0.494460641399423,-0.413994169096177,0.188813871413227,0.587675956221545,-0.185422740524757,0.375778314439828
"Teff-IFNG_Fehrenbacher",0.139408391598596,0.464952900633527,0.123831775700938,-0.348452441840628,-0.596748146110477,-0.0280373831775618,0.712616822429911,0.712213631293725,0.646103722254034,-0.202102803738315,-0.673505065403993,-0.385857661861592,0.170606045015505,-0.424817381029081,-0.529936977545919,-0.393837570742252,-0.616653785672128,-0.407893118802898,0.0940420560747677,-0.673306882294631,0.851511251158255,0.440438868224855,0.586293225975144,0.593881185843424,-0.724299065420519,-0.796712930889705,-0.670586490657066,-0.788944075363049,-0.185515187947577,-0.140666873886615,0.664719626168232,-0.00584112149531874,0.892754983257142,0.417557016511247,-0.0910713838290194,-0.841534410827033,0.293492522890802,-0.281294095993753,0.522141533316003,0.106892523364486,0.523364485981312,-0.542928597588236,0.0654205607476718,0.354956428391009,-0.448626246749179,-0.748209797937825,-0.406839243141695,0.572960596195063,-0.577958032643705,-0.0846644083972579,-0.16482787013696,0.0700934579439249,-0.863901869158832,-0.19517226672598,-0.53031256127047,-0.433724053292522,-0.0201978844246758,-0.411550880429968,-0.430738382234135,0.146028037383175,-0.6810747663551,0.352432898724187,-0.46614525445621,0.126590728137858,0.627920560747669,-0.472273657500842,0.835864485981312,-0.592225720165602,0.165887850467293,-0.599299065420525,-0.601831062405234,0.753504672897202,-0.530105640205066,0.634198272261063,0.77219626168225,-0.545343091487912,0.588068319553731,-0.251748859590556,-0.490486275965597,0.521028037383179,-0.770858567775835,-0.687535621350719,-0.00948958893479857,-0.16413551401868,0.810163551401875,-0.662895932214405,0.709444571081229,-0.0280373831775663,-0.0668232287974349,-0.332809244597867,0.642459967698418,0.691833548975895,0.0567119796091769,-0.610397196261646,-0.084112149532702,-0.438155273020511,0.309335099904344,0.53782507110931,-0.447429906542025,-0.263089795402854,-0.686526047747077,0.318707698608619,-0.245241249049474,0.766142263759088,0.514992211838008,0.106308411214954,-0.503692029624369,-0.578855140186881,0.884929906542058,0.334749082384878,-0.0753504672897171,-0.36349339912421,-0.651641912669664,0.501262830698797,0.60105140186917,-0.716121495327061,0.0469038977381108,0.474883177570102,0.683811011012365,-0.840537383177525,-0.477219626168194,-0.0841121495327055,-0.260048140723372,0.324006467572254,0.0753504672897223,0.113317757009349,0.4900534261852,0.00292056074766162,-0.307091208583378,-0.239485981308408,-0.726045663772539,0.773877106050545,0.197885753197492,-0.298975755478415,0.633905761447849,-0.407270766296538,-0.430823920646724,0.40126444033021,0.462121661369155,-0.243539365618791,0.0584112149532714,0.643107476635519,-0.130841121495322,-0.476599978678763,-0.452243820720696,-0.552570093457916,0.807407265623161,-0.163237408550744,0.337305080211597,0.676030161427363,-0.190008277104877,-0.315372124991899,0.733775900615807,-0.462350579930742,-0.22313084112149,0.761729717683828,0.939836448598133,0.139018691588785,-0.315434551457825,-0.556078464242622,-0.557242990654172,-0.690011782433712,0.301119657670907,0.509968284475671,0.601051401869167,0.0385514018691627,0.8481308411215,0.278966504179265,0.428970121002095,0.482661364418692,-0.166471962616806,0.407814721479163,-0.414453015225614,-0.39557401995309,-0.0630507887180199,0.618574766355145,-0.401746358328494,0.540371394101661,-0.542236742478893,-0.423744699214261,-0.771661747121955,0.69042056074767,-0.0193125584913413,-0.50644413949997,-0.452369281260741,0.779571677022072,0.566588785046733,-0.609595187450108,0.568205394190876,0.302033913689082,-0.241503152175505,-0.0323248927117509,0.647196261682251,-0.287998783050144,0.305910623447298
"TIS_Damotte",0.166406003287908,0.305866674210208,0.25865102639296,-0.0289916397737849,-0.504252751059739,0.173180471486655,0.573754624636168,0.562399970353874,0.705357167913113,0.436687725927818,-0.491592640549282,-0.612473968294483,-0.095601173020521,-0.0656891495601106,-0.685289599710888,-0.324032084053068,-0.108874710035067,-0.153921594006196,0.22919145370758,-0.57536656891499,0.696097827067097,0.45635792251006,0.437557792396499,0.51274746249897,-0.548821986732759,-0.639512623298637,-0.616665391896324,-0.465815793094631,-0.548831369140848,-0.104613959444256,0.71040127695905,-0.429701246334338,0.728509505951996,0.324390409207378,0.156598240469213,-0.71188808179064,-0.00212940212939833,-0.0402144498918642,0.533389294512965,0.187673123156993,0.595131543617085,-0.162192101291947,-0.340762463343116,0.253808229536004,-0.671981588992757,-0.625945689164488,-0.406706248783362,0.402461740514642,-0.22869454281695,0.07418088160784,0.203275330346899,0.0158357771261042,-0.749220018993686,0.11518662485047,-0.231657941045295,-0.421970525374059,0.198493360572012,-0.571260997067477,-0.331958182149556,0.0862170087976596,-0.692932853165823,0.337178787428097,-0.578717226561397,-0.240181020122498,0.493581419197067,-0.614681895801953,0.685945182119371,-0.533889079264956,0.213034855716729,-0.618179227386874,-0.404283111264224,0.636696303748867,-0.352605531405022,0.600966268184268,0.713354151059641,-0.502052890583,0.520996861293922,-0.454077465779353,-0.224121038836046,0.453443374038352,-0.506138648339579,-0.647253077999357,-0.0683676729714879,-0.503416968797777,0.726094459635146,-0.552829829524099,0.720821114369495,-0.0181818181818123,-0.0410104468351191,0.378859781443848,0.680736839606568,0.690872393151491,-0.0199413489735991,-0.594643554516801,0.387926900965665,-0.434561335493498,0.134603316287179,0.616717215875097,-0.577372686718372,-0.448990538855101,-0.624881362516795,0.182604447609385,-0.235132127277604,0.54828000572812,0.0409470689283458,-0.393037584650279,-0.590067381522718,-0.435139512788266,0.727199413489734,0.25754435318003,0.264118139924593,-0.494096749102777,-0.587582717392831,0.16428811277371,0.402458725228229,-0.758944281524967,0.241642228739007,0.43144758628243,0.641450815955076,-0.746912904215464,-0.330448581308346,-0.470277598052838,-0.405551034510055,0.18944281524926,-0.0950744809675865,0.0856304985337192,0.42859868464221,0.0799905715300744,-0.357774755844367,0.0202432862782096,-0.624234091651251,0.684907162546553,0.249345920689806,-0.130513174949726,0.621470721510212,-0.532156322939765,-0.461605636952933,0.582545043977111,0.380881170095673,-0.245965556053666,0.0533724340176009,0.525992456589486,-0.477644180399008,-0.369180869257554,-0.445497085693434,-0.556138613744006,0.691666566583603,-0.433069195732224,0.240299464189596,0.659760159740823,-0.0398542955131174,-0.443254995057685,0.712609970674479,-0.360712184390288,-0.315666786950415,0.720141607516351,0.805127390688451,-0.178885630498554,-0.0742649946867029,-0.673662482576491,-0.616226102244314,-0.263929618768349,0.363036631538947,0.432800479828926,0.689566748385145,0.400271837622325,0.694384089594982,0.260393262651329,0.531964604095298,0.500167205362966,-0.0458654679714,0.295012927519133,-0.0970618784711388,-0.389966463203171,-0.0399694379047582,0.66235364617862,-0.123753665689148,0.300293255131957,-0.49027806621106,-0.673073210245389,-0.625176889143627,0.747800586510257,0.134758714420583,-0.551599514998256,-0.565994492361813,0.605229245324233,0.353523752910038,-0.484667209264681,0.64304724179493,0.457779241493182,-0.34045319110273,0.113196480938421,0.611858185429883,-0.275533090673331,0.455227770520822
"TUMOR-VASCULATURE-UP_Lu",-0.155725195390817,0.161844906918152,0.188616363437537,-0.0603171758493054,0.00591179376762668,-0.0541858719604019,-0.241515058772357,-0.0889249859757227,-0.193181444876226,0.0316584477089868,-0.0476900651843616,0.0201290694761431,0.435883090426401,0.478932880347463,-0.181112333191002,0.310698038346104,0.0272964156965314,-0.201343709333214,-0.0515328345403871,0.182997209572866,-0.259126469994839,0.445110464608214,-0.189625509765218,-0.398856950183962,0.380935194734893,0.217497080473055,0.112470062751252,0.302642535683128,-0.409127735596285,-0.0172416734527603,-0.349615365352949,-0.363000692648394,0.00814601710505994,-0.368203462648652,0.0773708880072068,0.383279425314375,0.0647620800513526,-0.108090056334406,-0.122633701337994,0.0634488396351592,-0.242668496834221,0.354636553241419,-0.278082352592038,0.340909173702549,-0.209511708476816,0.138135493113552,0.291991042579586,0.151893415412708,0.198926836028171,-0.495363994318335,-0.12135423175824,0.210487572613377,0.225892494994416,0.27877090693412,0.291569870681947,-0.110347603514729,-0.0788720802023616,-0.0597829204454014,0.323305059662821,0.278638829994121,-0.0512889845753012,-0.20301465461809,0.171083959729622,0.0675773897506886,-0.057765045777714,0.0911102295204775,-0.0353700426418784,0.104090682324005,0.190333511414365,-0.175225745379592,-0.0354317250823438,-0.343874648428156,-0.489448824149154,-0.130608968594889,-0.221072391074948,0.142356657833087,-0.360540812694083,-0.270441950504234,-0.118867057382251,-0.259329414624381,-0.23158960156366,0.128234094512482,-0.0574887295741783,-0.0535436068636522,-0.17615909825684,-0.0936963265514527,-0.411029834243694,-0.249528338539472,-0.142487548401116,-0.0514518818278967,-0.186500063230802,-0.259076163869571,0.118521759949031,-0.0463892762331505,-0.200398432944224,-0.22446980466849,-0.16399203657111,-0.139491245822407,-0.263984474103582,0.0184045459093637,0.0565666028801296,0.0938548971999561,-0.0828955818832256,0.115812860892252,-0.21999520011171,0.327151894111997,-0.134216517085256,-0.0949553998983157,-0.347201875747864,-0.103394835434254,0.0372019673520057,0.149000473253002,0.106774109700288,-0.243558065488893,0.00428729238573,0.0466454463874655,-0.173662285128146,0.00458426504663567,-0.0828782968657571,0.229763585107071,0.0131721381387346,0.0812967001726771,0.2801357509557,-0.185533668697645,-0.140447523893926,-0.157636014192782,-0.1283231319937,0.0924893461679328,0.352793563831397,0.129765567191371,0.194649347116404,-0.154945443744326,0.196756945101283,-0.238397873404356,-0.202549377689441,0.14847599987915,-0.116220882060038,0.0348394571334037,-0.188210352729481,-0.136910384079289,0.198626384930094,-0.29194273165917,-0.265244157268051,0.00859590968560237,-0.0619549372945127,0.154635355318395,0.302609591536739,0.0395485376265988,-0.120295681195802,-0.0909321241588982,0.0202174073638082,0.310549538879057,-0.207165961835938,0.401207624369761,0.137646608976446,-0.0724135331862482,0.252752977048027,-0.134202819236865,-0.27005760907821,0.381488177961707,-0.0556861601995663,-0.354972020905015,-0.252498156592534,0.023921120174886,-0.0944520594387225,-0.05556414377834,0.15296614334301,0.200687901050636,-0.238614764695992,0.0630645339924059,-0.144924482554698,0.346410575297631,0.422196018949561,0.264797703171485,0.158063449477518,0.087793210426078,-0.0334499283897579,0.199300083048518,0.381294054848394,-0.153686787280883,0.205689869087789,-0.071868868510792,-0.0149583851550817,-0.125996900157309,0.0973267775981199,0.142580620349706,0.40928339436816,0.449530509269736,-0.130505893777312,0.045136644323311,0.24629689337307,0.048527594539272,0.428755353453443,0.345494598056572,-0.0290448261295904
"VIGex_Hernando-Calvo",0.219426565242827,0.471002011339719,0.248074125786661,-0.0942008536345491,-0.599708085891812,0.276184903452313,0.633935589463985,0.681887593514671,0.626824789763887,0.463772105817989,-0.641310708016409,-0.636799074011925,0.0479812755997624,-0.372732592159149,-0.605271423567179,-0.181585195988755,-0.0950032085018185,-0.383179433209208,0.424586414170967,-0.588958282689943,0.728346736736381,0.31931172213079,0.368055941815526,0.667529529139665,-0.70989103193971,-0.657637223411208,-0.503133933767306,-0.598079060324167,-0.476358488686407,-0.0130966858369559,0.619718203652324,-0.130485664131074,0.847279110590981,0.502419841080594,0.0558564763534201,-0.725899274701692,0.321045612385574,-0.0589953745450448,0.56644747248251,0.195943886949485,0.642856392549678,-0.412720186901298,-0.0573434757167938,0.275652344195453,-0.658587776296613,-0.688121708601552,-0.0807827960395609,0.347887512601606,-0.478199141175175,-0.257591648438874,0.0790655097603868,0.0503218256290127,-0.774354672334012,-0.0874865338745361,-0.425254039662688,-0.547924176689301,0.313222143789158,-0.344193444514576,-0.491994828905517,0.130485664131065,-0.667291286427346,0.304457901631439,-0.600427071323656,0.0582844168026116,0.489357826754158,-0.610700028380154,0.828974410662162,-0.624341720304294,0.335402316735444,-0.674541160160202,-0.519528547217926,0.752986395334422,-0.623618510761604,0.649067585919371,0.784669397308362,-0.522660134490384,0.587641092763043,-0.373594959864101,-0.353103057343472,0.409517820498327,-0.485709899616765,-0.56867916393324,0.0922620885675552,-0.392177962075125,0.744947621959148,-0.461280810518633,0.618612791637368,-0.0748976009362216,0.0392042129900521,0.219779791108053,0.642815036573417,0.566747894893977,0.0356343895056977,-0.65345327559363,-0.122293739028675,-0.472903910769556,0.293617275708736,0.543560907756789,-0.542022857467932,-0.474400404271845,-0.670277153560888,0.224860506264526,-0.170759818759147,0.645406670567578,0.255081131320334,-0.512596062219239,-0.554171548439248,-0.558713377948753,0.72283022754169,0.259649604216524,0.0696313633703831,-0.495013739621217,-0.651651459186696,0.314517756845126,0.381527153324357,-0.610331594771453,0.193223754164103,0.44671663312298,0.636911478961048,-0.752559620475834,-0.281319850207284,-0.212990052662383,-0.51446958687404,0.0234055002925614,0.0906963136336969,0.200672380982502,0.504614524912394,-0.164423639555295,-0.319050634970221,-0.0117027501462888,-0.634569367909237,0.681805093802746,0.25464550944716,-0.377748637485272,0.582579707963279,-0.508959361946711,-0.494064357551194,0.564790971352695,0.5074412784939,-0.272874252209818,0.162083089526034,0.613622927000872,-0.173785839672325,-0.508101976780087,-0.519496529984355,-0.585137507314231,0.777092643167975,-0.400691247549551,0.339448219522355,0.666367106046453,-0.0906963136337091,-0.397011752627333,0.674078408425975,-0.357777939349108,-0.15725236705794,0.649502633118771,0.826141247314591,0.139262726740779,-0.406165799623894,-0.684840968322262,-0.632411043132852,-0.619552492934567,0.20309392707286,0.436941453171318,0.59859566998244,0.285656429078018,0.775307197191334,0.21897750172415,0.622884205194983,0.553891586184363,-0.159762034927564,0.390106342299988,-0.138104016681085,-0.0830895260386167,-0.323211842683371,0.616149795201867,-0.125093775163208,0.249098773505893,-0.469352543337381,-0.534844795479961,-0.739405623291265,0.691632533645396,0.462400961523257,-0.445916171114159,-0.295277345288353,0.760326715792577,0.530160650211851,-0.608811569648614,0.63409225644398,0.502244153694541,-0.135751901696908,-0.146284376828556,0.719056130832615,-0.251160494060695,0.381895733151615
