"","Patient102","Patient105","Patient106","Patient107","Patient108","Patient112","Patient116","Patient125","Patient126","Patient127","Patient130","Patient131","Patient132","Patient133","Patient134","Patient135","Patient137","Patient140","Patient141","Patient142","Patient143","Patient144","Patient145","Patient146","Patient147","Patient148","Patient149","Patient14","Patient150","Patient154","Patient155","Patient156","Patient158","Patient165","Patient166","Patient167","Patient168","Patient169","Patient170","Patient172","Patient173","Patient179","Patient181","Patient183","Patient184","Patient185","Patient188","Patient18","Patient23","Patient36","Patient37","Patient40","Patient47","Patient48","Patient51","Patient67","Patient75","Patient77","Patient78","Patient79","Patient8","Patient96","Patient98","Patient99","Patient9","Patient191","Patient189","Patient200","Patient201","Patient193","Patient196","Patient197","Patient204","Patient205"
"COX-IS_Bonavita",0.865854759780347,0.174221101384572,-0.00489728655796978,-0.00180457568554037,-0.0225299940911362,-0.0349935423646783,0.229531894989904,-0.0490790707447025,-0.0297299245543037,0.252621491262909,-0.0269020986965046,-0.123760768040562,0.00394634875312142,0.0519937272336235,0.0177598914158918,0.0125699071525571,-0.025392835713377,-0.0843555692136882,-0.0643903295926593,0.493940423714822,0.034860505269598,-0.0993919001461043,0.0125454587507461,0.072033734072717,-0.211056001531329,-0.0537555820867437,0.0154020566148173,0.0720327969111654,4.13115325526282,-0.215092035142566,0.858291180761118,-0.129102004696028,-0.0285150139907653,0.12759070424575,-0.107360574797783,-0.0216320730466715,-0.148760860022423,-0.0285727286185585,0.00382775232518236,-0.0415148514619001,2.10696508036526,-0.0437156722263051,-0.0167342209954872,-0.126872492569578,-0.029949812430704,-0.0543633324065699,0.206292100965298,0.0279179373513512,-0.0941355677415164,-7.01066769313161,-0.00715747623612075,-0.00268475272406239,-0.133816931196717,-0.212740381158385,-0.102429975995708,-0.11620875023415,-0.047809361265986,-0.0134873833902855,0.00190857768858395,-0.00869675134751399,0.0362899556123151,-0.0426627885281176,-0.0175289747282487,0.0497217565319686,-0.105152509294219,0.0566666319801993,0.0322218940536023,-0.0401900043068202,-0.0710538162321666,-0.0325621748609662,-0.149107547457282,-0.0808760178723086,0.0119127493682368,0.153120335308345
"CYT_Davoli",-0.404306220095713,0.404298470858523,0.4954936770109,-0.439702740231633,0.276194996272668,0.65084564005367,-0.686004784689023,0.965311004784689,0.638755980861239,-0.163311433264296,0.622625259150211,-0.584810829892136,0.63576555023923,0.37879687553758,0.599706222255819,0.233600253528152,0.836722488038273,-0.599350237587423,-0.820685329060766,0.287652896529712,0.009569377990436,-0.172731403189098,0.0568395129595652,-0.412027394689955,-0.621378593821519,-0.417927323465607,0.532337742208588,0.33672248803827,-0.0451340256039838,-0.662081339712946,-0.496012194405691,-0.730313379879925,0.412713032720003,-0.209926350663755,-0.896531100478505,0.582318428219906,-0.483253588516764,0.60705741626794,0.132177033492821,0.536941486168987,-0.725478468899552,-0.481363612700508,0.604564305329659,0.610341611027854,-0.543167444424783,-0.185944693694055,-0.296388686173251,0.0424641148325376,-0.622009569378016,-0.0305023923444978,0.510708889448501,0.210130460225122,-0.555023923444999,0.491701541015907,-0.157543892614711,0.0845810556614635,0.692663597882827,0.707535885167462,-0.287293645652039,0.481442318895065,-0.172846889952162,0.0698466709580704,0.696936382070757,-0.120215311004787,-0.461722488038299,-0.101076555023926,0.091507177033488,0.745813397129184,-0.655291797405946,0.461946318401374,-0.583426034171786,-0.542736462535811,0.173552694205766,-0.461722488038298
"CYT_Rooney",-0.21392367322601,0.314251639833032,0.664245304975205,-0.122838401908182,0.0282673788308243,0.654646134887436,-0.683959451401299,0.971973762671437,0.706022659511028,0.0864639236732136,0.668455575432326,-0.887895050685717,0.677400119260583,0.251043530113292,0.603039084737967,-0.0405485986881379,0.824686940966009,-0.631484794275476,-0.824686940965988,-0.0852713178294756,0.187835420393553,-0.579539845657643,0.281454979129393,-0.306499701848548,-0.618962432915908,-0.48165521785584,0.438089354476822,0.224209898628496,-0.0363744782349469,-0.740608228980298,-0.220632081097205,-0.682170542635646,0.706618962432916,-0.176453286918418,-0.923076923076889,0.71735241502683,-0.334976141272242,0.588550983899819,0.067978533094799,0.589320837672105,-0.800238521168733,-0.689922480620137,0.677996422182471,0.651759093619554,-0.64758497316636,0.562313655336912,-0.167774086378756,-0.433512224209906,-0.563450783596535,0.398814847942754,0.356341856957455,0.365167045399606,-0.646392367322589,0.463923673225999,0.262419041546376,0.385225142025581,0.844364937388193,0.664877757901014,-0.270721526535493,0.442373377016522,-0.402504472271917,0.358378056052472,0.591532498509243,-0.0471079308288785,-0.542635658914727,-0.0727489564698964,0.0429338103756623,0.774597495527729,-0.532498509242692,0.402504472271911,-0.497912939773406,-0.694576956204844,0.164579606440062,-0.518053070960043
"EMT_Thompson",0.409109671647769,-0.32534000601619,-0.0969489612957887,-1.1158070668015,0.129175686760442,0.0056322871063565,0.216609492043892,0.20461563336799,0.00168548391932886,0.681933176392104,-0.229044770146577,0.0906957283074508,0.391511522658005,-0.051062429260621,0.0737857328495339,-0.117283659108457,0.0984225818708601,-0.318079148792469,-0.133928089307021,-0.239133872402157,-0.461878747027891,-0.1079174799411,-0.242253515058703,0.0794063311290001,-0.190654783842916,-0.332968822104152,-0.00176220539719296,0.159203849080892,0.494073257509408,0.319868496734384,0.189383647778885,-0.0553538965080202,0.448623164137085,-0.139475441916199,-0.186322735088097,0.392605512946448,-0.411527583967097,0.281012456313125,-0.119394560061403,0.270206725296005,0.200420478873287,0.0970966497318947,0.0606641710973195,-0.0864599073694018,-0.184780189893913,0.198566327613115,0.218556083123455,-0.477600660739252,-0.24389465471961,0.490565159605341,0.173696139267365,-0.104032951923745,0.281258488219966,0.364377184314789,-1.14655015572828,0.226793259120376,-0.384499841999339,-0.204371378675604,-0.0297454252820232,0.127857017091133,-0.19655955729699,-0.155814633539556,0.516606893518479,-0.111161413361299,-0.0821214638503728,-0.0107580768715532,0.245941277050866,0.129599075210138,-0.175089291479839,0.351626512423986,0.00632808667888557,-0.32238903214273,0.351916194167271,-0.187463026039571
"EMTstroma_Wang",-0.410709604185974,-0.604362362173757,-0.529185036040474,0.111240694218338,-0.292407304145843,-0.0175038228874542,-0.00692984347092196,-0.647883463655354,-0.181310999315304,-0.53500282086987,-0.545821031669574,-0.17247119533832,-0.558017044049014,0.157438563708394,-0.181449547141382,-0.151661802973572,-0.164884373620388,-0.349686318241706,0.584414787756311,0.241227640395519,0.554039759455951,0.332011619207608,0.335193015249556,0.0254042147043808,0.450216357509806,-0.207360387710873,0.0163427452539043,-0.365141273117672,-0.131462226412371,0.481948882360077,0.284282986250223,0.578017588229284,-0.568699158826892,0.0216634694013264,0.389691121048172,-0.504913868785347,0.0248977099724307,-0.45769440979836,0.332439017930703,0.140720228290145,-0.377638525756284,-0.0403571213182581,0.360117611928685,-0.0516350133629179,0.584812001848825,0.0496683549856911,-0.233872826928494,-0.15473878648818,0.460474714200476,-0.318851788399882,0.419608889960121,-0.119735122917873,-0.324631641709101,-0.692188498659358,0.623678509522989,-0.336610256850781,0.0787291665612954,-0.229328480707128,0.648278183968318,-0.237160981594483,-0.0755693508963404,-0.186944893392739,-0.551014278036791,0.124750426100617,0.169066821067339,0.39570056081178,0.308822255164307,-0.55956353397813,0.516224110030488,-0.234432384541172,-0.443234881084879,-0.255813205662201,-0.194033019336752,0.668869355839219
"IFN_Ayers",-0.457141571276655,-0.687418849448157,0.625368280970265,-2.40069311968361,-0.888116667971007,0.578758261359654,-0.171376020321595,1.3873075995574,1.08294202179146,-0.212403816421889,0.909546439874699,-0.591659413544087,0.692651442788552,0.81571843656161,0.740742212440935,0.351225917397772,1.20356267567407,-0.375418637306188,-1.24302540128682,-0.239811265610618,0.00584942416960049,-1.20517823020323,0.501995030694168,-0.0832795607773501,-0.499467368014892,-0.612561155855816,0.983577574309033,0.560774525454536,-0.16974592206683,-0.490305670271699,0.123291257869241,-0.948218259790827,0.290041815566094,0.107225060891036,-0.623452418420591,0.347120193288931,-1.09024543486499,0.543044567686118,0.229291209870505,0.658077901512216,-0.108322584132681,-2.03758810863474,0.889145080532279,0.710565013572382,-0.198222022016631,0.554364432485831,-0.361009881787196,0.343643838243906,-1.32960452896781,-0.419386915451813,0.504606840105607,-0.352397061322996,-0.78536070424453,-0.315519218938801,1.09618290159704,-0.812254031993454,1.07831860065536,0.926186580157692,0.78767363927629,0.89095900953075,-0.181840709646284,-0.902547224459364,1.39485563699563,0.369302101472482,-0.542494891573948,0.548620148421167,0.431345923153581,0.60255222429948,-1.91237762179744,0.737453500900819,-0.706306578996804,-1.20014582101453,0.436223447102912,0.114785919884769
"IMS_Cui",-0.141136996801756,-0.596671179584269,-0.0943136935171472,-0.291961760980201,-0.403301858692095,-0.254486091089633,-0.0534242662921797,0.433809452201854,0.335813472799811,-0.257782770659595,-0.369654102028163,0.159830104407386,-0.0370939569552,-0.180392233695583,-0.120904794363751,0.29615896116995,0.309528084096398,-0.405604923085211,0.0114688861128621,0.0927704022139648,0.652371148254913,-0.163984774170388,0.507958775728783,-0.0436534660908699,-0.0791531356290743,-0.154831993506188,0.46766890358044,0.0201463613601593,0.0585611437819429,0.132754647437598,0.0334369503305001,0.543029265060029,-0.00967440577795531,-0.0274699698076747,-0.293327301686577,-0.186415720234101,0.0167631533729821,0.0111754223974811,0.0871838926610906,0.418529122595654,-0.296895379785653,-0.585366540987332,0.154232378523531,-0.15797505696406,-0.0980545247917803,-0.15073507969121,0.227427412643008,-0.437970655864569,0.25640460421071,-0.398599610176642,0.582815227742013,-0.439704656726135,-0.250510422325777,-0.511168103333572,0.395338662626565,-0.0455073662912132,-0.321139592694,-0.39513183715471,0.661428356639755,0.451750262340009,-0.098074608904929,-0.354905287753053,-0.300914529448251,0.496188354864412,-0.118271267190758,0.400054968397185,0.20634390940492,-0.342403413398258,0.169257017339046,0.122084883604804,-0.328054941002406,-0.434729316389286,-0.179584954584817,0.616602937052348
"Inflammatory_Thompson",-0.610592634426856,0.180412160008835,0.509606847552554,-0.113564145675833,0.204860137438425,0.496190032181294,-0.55777547605319,0.831922611850067,0.732568664262967,-0.422756942403259,0.605777975153477,-0.409083858514421,0.670975285690793,0.537774098047774,0.534834126414788,0.131045790943104,0.789139418985173,-0.440748516034098,-0.728775993863649,-0.189222840375479,0.224483333290035,-0.604604312921279,0.135369816368661,-0.376450081432091,-0.518616612311725,-0.184029753340472,0.40722502366903,0.0758875799789467,-0.17605471115763,-0.633105291589956,-0.26512263807263,-0.663355221556415,0.314481119537652,-0.328078121887594,-0.706638343510569,0.516018620923086,-0.623748446872289,0.561621321662525,0.12091898428053,0.302507554178153,-0.546358106370662,-0.52819708476502,0.592525815504885,0.503687452883331,-0.361405605779888,0.0466239734774893,-0.432825161837668,0.163869638937648,-0.605674614462524,-0.331578258878897,0.460766266537474,-0.106210503889008,-0.472190453434348,0.350896334241033,0.343309526272568,-0.434261175891032,0.694498602340826,0.729664464876113,-0.0362756952841617,0.534331258118984,-0.421394124973557,-0.252720677146315,0.783678473858479,0.187175395919088,-0.572664418329567,0.353779360880198,0.044700206189593,0.615701884430562,-0.705411803638331,0.551393499621511,-0.494091041172116,-0.587911295697994,0.385477291301622,-0.21383606509313
"IPRES_Hugo",0.146700714376944,0.00328418750285075,0.0303523263350394,0.16741440684063,0.138622541519608,0.142973555847289,0.280774707409249,-0.0136507945615522,0.00675615307255493,0.201822047356924,0.0179251576718239,0.153463889444558,0.0658522839831332,-0.0110841060660916,0.113997379214298,0.11666261023822,0.123567969803992,-0.00432207093725682,0.331083540778937,0.158574493470582,0.235632101142746,0.144111832822072,0.173113420705631,0.238520660013471,0.18682766103966,-0.0919581168076096,0.231777293404074,0.098550915434144,0.0919293894327828,0.30299782546391,0.204521270743494,0.387372090904525,0.150459329141938,0.213766867741202,0.201566201048835,0.0144337388026459,0.15905636034931,-0.025254958033195,0.221119765274156,0.173264740817621,0.105896303176426,0.0375841965043524,0.173632163408215,0.0611961925220144,0.248819365842379,0.139496423517024,0.270104335084052,0.062649030674578,0.281593418101138,0.129282650518666,0.350375709086548,0.13398778325104,0.155519182423572,-0.0119902501369681,0.217826303421188,0.0942209363818522,0.0200452771085356,-0.0084186969946284,0.391097752364775,0.183076145856344,0.118282747160655,0.104491749306345,0.0234502167757295,0.200380567824479,0.186370984083891,0.0891402198058887,0.291459593152062,0.00837311588248904,0.342113180240716,0.0156122262778442,0.0550780112680282,0.0521444158516659,0.068942800417939,0.337226493901942
"IPS_Charoentong",-0.44807149392188,0.537024372006292,0.191803577713768,0.796565733464594,0.417520103853865,-0.0784110982008316,0.215299535935388,0.828564548743683,1.43984681918584,0.771972889544294,0.0349456656871063,-2.08927129358652,1.04360861796458,0.135268463817669,1.58142029406317,0.065854215940422,-0.892132100773272,-0.288881992580946,0.698565678775391,-1.32664127457836,0.133071210820353,0.763902993180345,-1.46555939860712,-1.24126571847792,0.352804038691594,-0.576145443900084,-1.91870251603977,0.242345769338678,0.106918229753308,-1.35793592818865,0.947014675011345,-0.185490201316101,-1.93598061600651,-1.38157686592828,-0.624336241483579,-0.90454795415988,-1.25404991594132,0.289756321504538,1.13787989527027,0.159611465232106,-0.0117193490658754,1.89442081376231,-0.475909889949713,1.32795639319529,0.587150735698796,-1.45140251479903,-0.403493750002833,-0.678998311770812,0.873295837686175,0.299683792400811,0.194600925169897,-1.00859621710704,-0.518702020716116,0.924609872038531,0.284933294794431,-1.36406397859506,-1.57287224934495,0.258156709229162,-0.315120186374999,0.19615703041622,0.742257177346424,-0.916368573502966,1.62369209434673,-1.35419176359485,0.0963618784672424,-0.507926027729218,1.48210945889881,1.02116644751968,1.03742626494322,2.04712503602137,-0.777645881287416,-0.613587238399681,2.02406626620177,0.132862862296084
"IPSOV_Shen",-0.0369904185730271,0.191184883659548,0.0779567302992568,0.213475641466159,0.197508240966562,0.0878123171080896,-0.0122646850228982,0.198579880066679,0.240933488891143,0.0643655081974769,0.107877230334745,0.080587054625933,0.170796016173133,0.131756770067022,0.203004659748247,0.115813474793974,0.168726269739413,0.116480195268539,0.153054276634048,0.0331900593102319,0.0550229302199624,0.00423171160051861,0.0669428598402244,0.124069361081268,0.0768405603481159,0.136563982631117,0.0695343127950049,0.0945572063216384,0.15604604960097,-0.0557384355585205,0.0147964464904345,-0.0050182236863534,0.064418581695336,0.0581822264989088,0.100225465764897,0.110052815403798,0.0893353791413926,0.147606549025529,0.123232751288203,0.144551633081039,0.0514285973237138,-0.0359360995590062,0.0453177389584178,0.0407901311181742,0.0107866386020131,-0.0250164023512215,0.0670744656702657,0.104123720612009,0.154123694619653,-0.00652846856270841,0.0736530702941461,0.14150844627273,0.0203675409819078,0.0857120308438959,-0.00539409476713969,0.0704717460620983,-0.0203917128270731,0.243916950447348,0.0572569019975862,0.019500743758546,0.218811470781592,0.0311780691913981,0.207124009503549,0.0626259583113056,0.038091960290307,0.0914860995128808,0.0811866687689859,-0.0367551145339369,0.0525387500794562,0.196684983643174,0.00728027011701577,0.0400600181950015,0.115039471738154,0.0476976761027252
"IRG_Ayers",-0.34294730607876,-0.380272540560006,0.492900505767818,-2.70381439039162,-1.24294346392258,0.577807562850179,-0.0293642840612437,1.41583259655861,0.791227244255989,-0.048768092694827,0.773108714939875,-0.565080826720603,0.816383793484828,0.602465620256215,0.73577496074393,0.245954044118156,1.18781086552168,-0.325148763844846,-1.38369564436024,0.116345877117264,-2.44742015885958,-0.878076678500593,0.406041721408819,-0.0227228095119206,-0.498161305926334,-0.254931527350673,0.964844351735362,0.462658034882045,0.0500342610031036,-0.251188099527154,0.0561932642229385,-0.449759861728877,0.321535380200521,0.14427484840652,-0.883276770038882,0.456350273709133,-0.473613252873625,0.467654354930317,0.243774872150703,0.697978601976407,-0.0884467757725818,-1.78252710956294,0.759901046490939,0.551699681363422,-0.385159841715563,0.305434368512109,-0.424409747081402,0.146689163153122,-0.599329645886058,-0.336735719944323,0.589153217527747,-0.277716786377762,-0.512749723662662,-0.207572791211867,0.345789620784286,-1.06936900574045,0.950787085388147,0.818654022512524,0.625370313332946,0.772046367673725,-0.0653567173833595,-0.650747335292743,1.08337965839365,0.442607497516807,-0.339894582672203,0.436987062641122,0.46502615238017,0.744343017147474,-1.45074894838072,0.613013977251971,-0.290720957971811,-0.658661358281953,0.362103047860909,0.28139577371928
"M1_Hwang",0.0180523065695597,-0.112192577342925,-0.108076461653282,0.0831545991487347,0.175061923478299,0.158749222070557,-0.0941164919013322,0.599424712196497,0.250720481808044,-0.0382250003178709,0.224919032616714,0.160946497693131,0.5191435729646,0.179839079373645,0.317279942637753,0.0621060324594035,0.49206411829544,-0.094767859201039,-0.131759807186058,0.222812844950571,0.15602557561699,-0.105939853613105,0.286860405297428,-0.377573694049415,-0.107987070586222,-0.219505550691573,0.23469811527322,0.264216863863314,-0.209119931458129,-0.0380091126049689,0.0428108173353641,-0.30549456669992,-0.0599095983121489,-0.31552582010231,0.023990287513305,0.164274142805551,-0.258207146814122,0.152433101967518,-0.123041961134179,0.428984091121518,-0.0993609423091459,0.0445795908782576,0.371419093024886,0.245239023442619,0.176395749619122,0.0232715920131536,-0.0829603094076786,0.0326705762303143,0.0155001379497205,-0.0290494654436913,0.30178721403261,-0.367722589777544,-0.0644091756888628,0.0463544707726027,0.187562724461469,-0.14655593503971,0.220341667971721,0.20594288863453,0.172018053347303,0.162787173432443,0.0599642419902482,-0.0451377610077409,0.622426305950586,0.213732551408182,-0.22152999109766,-0.0460653046961945,0.113231921631837,0.192917449297601,-0.187985474677253,0.180317221286462,-0.178929576034689,-0.197858974969043,0.151002001501318,-0.101589461782506
"MHC-I_Liu",-0.265470275989372,-0.0971686722945103,0.440200705245692,0.231629889778784,0.126805523750172,0.403152793633561,-0.409572057892738,0.46909584602729,0.51150855104927,-0.184168611748625,0.439910189616539,-0.0820635439963571,0.294327397253012,0.373912877462185,0.165993106421825,-0.1231258535285,0.433059641594606,-0.031060029975966,-0.221468891793756,-0.0609816177168096,0.0784666428557107,-0.261329021737004,-0.104105733647513,-0.331507568229216,-0.235605026350289,-0.24949019178155,0.190881403298234,-0.0645048155583342,-0.181883948741716,-0.399491320242653,0.165446967130304,-0.179826953677615,-0.36449016262632,-0.388470740709582,-0.151212725800173,0.094578329791358,-0.389657057435935,-0.266404149242393,0.0407209887949027,0.0171524515357926,-0.0269703206804957,0.146214833635493,-0.0100125808740549,0.033785651782364,0.177948852199913,-0.280490870664116,-0.436751489052529,-0.154060610146856,-0.475087565950839,-0.43489087810122,-0.037401690511379,-0.48849144895073,-0.444053252775752,0.0522068262468977,0.186264818960204,-0.472934560000454,0.505144709239968,0.475556928203666,0.0893276688896195,0.495201029835223,-0.289104417306186,-0.0352167494243922,0.402357107514948,0.0324904706086943,-0.370824522313097,0.0432592304051773,0.233335278246692,0.437127888728163,-0.163298733945059,0.489131110811957,0.0644013620599522,-0.392883615870447,0.466380353854927,0.499212661575235
"MHC-II_Liu",-0.315340544674521,-0.225277729946117,0.127528592655247,-0.18483885617894,-0.0399184852829068,0.0341813671782247,-0.309443717363159,0.459439673445283,0.56020675807106,-0.244664344402974,0.351903232100616,0.0762614307463914,0.459445137141134,0.225606914542966,0.182864500944533,0.0213040275899171,0.390305559050235,0.0526888298824546,-0.347510172685728,0.0295486185325707,0.097292965410993,-0.168998749014962,0.0514580873716502,-0.112761680902962,-0.285970424674041,0.317933613137933,0.237380151005955,0.0566452017595348,0.051096601351216,-0.23805253789791,0.0545392715112397,-0.378203635428598,0.0239572945442029,-0.270396420917417,-0.43979324192894,0.166102112065551,-0.421564397496436,0.412277461814986,0.2397308127668,0.310851367909418,-0.318321588796503,-0.158221233480294,-0.115243205340025,0.177800760872734,0.252019100293176,-0.0617316968503696,-0.375725682139265,-0.0386727918397874,-0.242377750078051,-0.250944420017267,0.246694242645758,-0.216366638863114,-0.333976289440927,-0.125041205088999,0.30997603307224,-0.261275736781698,0.435191940407295,0.371922199926786,0.124649959806984,0.393138353192402,-0.309299597628574,0.0275058056181234,0.479528348221834,0.366964563246365,-0.12306010231844,0.465331988525648,0.242460533583265,0.354819220060677,-0.300303159966601,0.365981277776155,-0.374028912866093,-0.388285252168683,0.128962558407414,0.222147242080412
"PassON_Du",-0.00495841231427842,0.146249783100582,0.098628352956858,-0.0818079504342488,0.050858947021073,0.13000703404178,-0.129385158770838,0.314169618046192,0.210025279498573,0.118211581774498,0.239655482467658,0.0681195979504823,0.217082084848985,0.17552904618112,0.0953080282156245,0.0514834939309645,0.166784958449415,0.11379192970288,-0.118933601625683,-0.00855779344633376,0.00734381943143942,-0.0259320539803593,0.0346829871269344,0.113706654562547,-0.0090794704345622,0.259943641455804,0.0690196582953889,-0.0333023906173046,0.273446557228809,-0.0609004080654641,0.0830195216496726,-0.163042972655036,0.0622643613912161,-0.186911864502607,-0.0699831383346682,0.177906981074576,-0.0657105595335882,0.234252526115109,0.114106048238965,0.215384681545321,-0.0441767700157281,0.116481214707124,0.00145976776721307,0.154746272952882,0.147578655283597,0.0718892977010175,-0.177057760660094,0.0295482094700878,-0.147179075235669,0.0216086651005519,-0.0527649826096153,-0.00197257724647948,-0.0180278775263548,0.20026124799167,0.088567488744031,0.00351104948412724,0.293453900191193,0.244954739400492,-0.210341069175313,0.247881995856472,0.00989916784217858,0.234083662852615,0.230633388339163,0.173257644885958,0.0325940415185148,0.244013930208251,0.0590722835714311,0.257004922083426,0.02084607753046,0.271508726011877,0.0209266058587802,0.0105421183204775,0.11572675641625,0.0643321388368349
"PDL1_Nishino",-0.585427229182528,0.212320546092641,0.606102604177669,0.0978520286396216,0.0471360381861566,0.640143286648577,0.0399203035870164,0.85859188544153,0.82219570405728,-0.424240848065562,0.112768496420043,-0.720433984272235,0.179086950820919,0.45525059665872,0.520883054892605,-0.049522673031018,0.762529832935565,-0.0954653937947426,-0.35142726796291,-0.287182580520432,0.376491646778039,-0.812052505966558,-0.0029918735686541,0.22494033412888,-0.678997613365129,0.169922213382835,0.829952267303106,-0.215990453460607,0.292080790932529,-0.0292362768496415,-0.32565340018292,-0.550427748195077,0.0936754176611018,0.15751789976134,-0.678997613365129,0.505369928400951,-0.617541766109764,0.69337102946442,0.0483293556085932,0.462726357742691,-0.569057974744794,-0.161897253229713,0.637337974064547,-0.576676084075735,-0.707040572792336,0.218816816496985,-0.551321375890475,0.338349264660816,-0.517899761336495,-0.596658711217161,0.884269931007473,0.237965991095717,-0.361520694495761,0.285799522673032,-0.441494135305335,-0.0495226730310288,0.707040572792369,0.713603818615756,-0.333391884688034,0.519689737470163,-0.253644455911743,0.338916023755341,0.635441527446306,0.376491646778049,-0.116945107398564,0.397819483619003,0.434714747651086,0.507280689708404,-0.825775656324553,0.551312649164684,0.597844053251664,-0.644813226649791,0.480109369474652,0.113365155131268
"PredictIO_Bareche",-0.770035569730826,0.0754257846058283,0.69246556301802,0.0705472097955488,-0.47708527196742,-0.16312622491543,-0.645513724378254,1.23250376905763,0.665382968359197,-0.317132096822523,0.60228536063302,0.298378097213191,0.630653485471408,0.838555937669056,0.0225451040661842,0.118388355375206,0.971090302911211,-0.334903099776538,-0.971847734399725,0.708061231860939,0.0761546473249827,-0.210917247099434,0.585113131011472,-0.586685577617936,-0.216828470586303,0.157751369559366,0.516391392046087,-0.0127882042145997,-0.110101834004678,-0.690799933999872,-0.522944580600206,-0.35656325334916,0.198867956581255,-0.0862053149134804,-0.692074189904585,0.199910290277828,-0.0317862866595676,0.439445328031598,0.176242345450134,0.396514314729176,-0.358936301144512,0.00282362459210828,0.719028156597161,0.283561542383365,0.567996113312358,-0.268013251208979,-0.730117474694449,-0.184870125431572,-0.810221819299888,-0.879802513234863,-0.0437620877125072,-0.296371549401938,-0.889180252697804,-0.0517128265368172,0.524937476503457,-0.522238752806405,1.01354987676507,0.523487716002062,-0.557426393977474,-0.120659323141008,-0.758969689818316,-0.230238754156774,0.394428379241754,0.712901844472854,-0.244734376403917,0.610558064360816,-0.268032738900559,0.0765315968773131,-1.08218829567139,0.332449308297961,-0.411224609039589,-0.00514333501962894,0.349469768104274,-0.10246180170585
"Teff_McDermott",-0.465308256409047,0.337713686990656,0.711469534050173,-0.00477897252091192,-0.144563918757481,0.541056255014648,-0.578411559617268,0.888888888888885,0.782556750298684,-0.196738716459835,0.543014446817908,0.0321201744172716,0.0658492600663793,0.516129032258057,0.487188579655013,-0.10454002389487,0.718637992831535,-0.302270011947459,-0.489350088331165,-0.334120282207333,0.308822727921284,-0.702238307369665,0.401101643394884,-0.411160140151342,-0.663375727863819,-0.608844687794264,0.474307222976179,0.266308050325227,-0.515954519216609,-0.596774193548428,-0.583167692442827,-0.830823879319283,0.181771373469425,-0.401380625280081,-0.654121863799324,0.485154464728394,-0.707287933094429,0.523546363803508,0.222795698924732,-0.0988727281834226,-0.685515717133671,-0.143700060413161,0.587813620071682,0.612684571622926,-0.279108870273443,0.413238231609545,-0.475676409681946,0.49205633885787,-0.759259259259308,-0.166385241400145,0.590061321063998,0.43298087825907,-0.545405000989496,0.527153980928954,-0.265945554642338,0.13889979675329,0.664795834706372,0.74014336917562,-0.480884109916399,0.560206072569876,-0.176059647175869,-0.104184977999018,0.656511350059728,-0.155095577847596,-0.337473905708329,-0.330901005111088,-0.0621266427718216,0.644351027551014,-0.709817335754839,0.47161865757193,-0.45206998015728,-0.399641577060961,0.21046051402266,-0.434302700509291
"Teff-IFNG_Fehrenbacher",-0.665715982683554,0.409999749549845,0.674501072290228,0.16457211250748,0.355745182048584,0.156844491604532,-0.585219366022892,0.922800718132859,0.735487731897074,-0.442017222287928,0.431388163583909,-0.418063898914734,0.491300198775926,0.584679832435674,0.436985674917497,-0.0987432675045039,0.73547973828108,-0.561766358814644,-0.78168791566602,-0.0466911611206264,0.386279927912599,-0.537389787872546,0.0333725493999127,-0.328514603573362,-0.383385920487357,-0.508979096210322,0.387174535246904,0.478188289394939,-0.328754012441736,-0.6243944449152,-0.576062283782258,-0.896911404905506,0.389163654094749,-0.0310659005458234,-0.658886894075393,0.339083273770326,-0.604685887243666,0.627788548094292,0.209164576980102,0.33237850975219,-0.730101735487702,-0.305059256421052,0.67377483533385,0.669001195183134,-0.199036540602757,0.00835276734098786,-0.490794202614869,0.45864692685716,-0.785501834276916,-0.295892686027746,0.340220957781351,0.48018549570383,-0.552477728372739,0.483152691889976,0.30519201236402,-0.0195607627066287,0.752525856125613,0.670111465046299,-0.356364416372878,0.336739404331917,-0.163710006157924,-0.331757902119662,0.787576463357432,-0.469437208089257,-0.286555174953874,0.0573381599736644,-0.252543387193318,0.484670031067108,-0.820466786355442,0.548174745661287,-0.535107218342137,-0.424494384895641,0.422099355080208,-0.389131224496187
"TIS_Damotte",-0.488703633446157,0.175200781835526,0.509032086271993,-0.25000287197868,0.0304189465870831,0.541119819043988,-0.545186999619053,0.7842548076923,0.743389423076914,-0.295395322107049,0.608121030912546,-0.595892055447615,0.567787372794151,0.479522480873882,0.351192090243745,-0.0355704945667169,0.757771610547935,-0.446310428134338,-0.532078728330106,-0.135817307692304,0.414889942092123,-0.645320479409883,0.126042170744455,-0.445342455464118,-0.454487745120628,-0.278239281416775,0.601040921011788,-0.1797100395795,-0.248470112923603,-0.488927031101017,-0.341159624014688,-0.733709566356233,0.199812333309013,-0.405216803180713,-0.622884159288388,0.448456389276437,-0.746207103605212,0.538382730715492,0.146033653846156,0.315160205146723,-0.569496648383888,-0.478807512307505,0.359975611240282,0.484068981757805,-0.381769005017395,0.109975961538463,-0.55766421206953,0.258544965294122,-0.589360707482931,-0.437750007058573,0.498985714662244,-0.108099277668134,-0.418717678063429,0.270445950475807,0.0917009166141829,-0.464837990762738,0.669330300761769,0.665714486297788,0.0162259615384637,0.660673020004846,-0.304197226810372,-0.122019089781186,0.776326332658562,0.132950113140112,-0.555341409025877,0.464155611157389,0.161658653846155,0.678972467233328,-0.696209388656994,0.647064133295014,-0.434941602204816,-0.573173065565479,0.384624959499336,-0.0384673378491197
"TUMOR-VASCULATURE-UP_Lu",-0.0754717841318737,-0.354582064562026,0.11343047582171,-0.157548836976103,-0.009889440854062,-0.166678770989037,0.167543250009337,-0.142622804444048,0.179578820015498,0.0585126180496343,-0.272347116724678,0.107854566209234,-0.161061616029596,-0.34998310031402,0.118668641139549,0.178116328329596,0.085728440784234,-0.297972462503893,0.30382237634396,-0.252756836659279,0.326204597090672,-0.294887989908219,-0.148315353414513,0.0654829402689736,0.0771869422534347,-0.336894522765871,0.0934358199629768,-0.152744565310262,-0.465301063819587,0.183621689045415,0.30690196772445,0.242277654472965,0.0146035132636336,0.004702246157193,0.144852898810755,0.0231842366076404,0.208230193370204,-0.147787257802759,0.16450716439984,0.032804268596246,0.127901176160355,-0.214467592825457,-0.201936894720402,-0.290307837407429,-0.114691657104002,0.0633240118399277,0.223095304281918,-0.0321470019342392,0.128619839467293,0.0552006592439355,0.145510759111957,0.0242901420566206,0.00364688398150217,-0.0355239032611713,0.190554854894175,0.112685076080928,-0.269690061139595,-0.147677374773012,0.391312088801788,-0.0397845327545619,-0.0616742671683457,-0.0167207842150189,-0.134035267933577,0.0662340335197121,-0.190659263889403,-0.243674558373355,0.195269161444806,-0.219204377656368,0.360450238327681,-0.107820181335542,-0.00323404838286401,0.0932677002385477,0.123711340206183,0.308020735398757
"VIGex_Hernando-Calvo",-0.677571690374234,0.133531772410232,0.536043972835777,0.329495267896064,0.193522764234398,0.478469656113721,-0.395264556255366,0.806954436450841,0.739476932039877,-0.272587063393248,0.572585617204372,-0.536538134223021,0.489858138602128,0.642665474729665,0.500237086414556,0.230215827338132,0.782509700892237,-0.383410705688166,-0.667061745289934,-0.440869848671407,0.373494892877865,-0.593093749299616,-0.0304284010498602,-0.178657074340523,-0.49696325281363,-0.468025955599832,0.294282396286289,-0.228325587620022,-0.049660734468589,-0.656377420663546,-0.177835227968281,-0.700845777943897,0.492816309578721,0.0423510088663419,-0.664139419212674,0.623391922853761,-0.581402785455168,0.604010642757391,0.0737410071942484,0.239084098300667,-0.615516141058631,-0.540331523082361,0.633146188703007,0.00814792961872501,-0.286955665753166,0.52200909651168,-0.322360559517086,0.272872033534233,-0.655893838415615,-0.395928075894916,0.447177869023523,0.120279556230238,-0.448514265076462,0.307072425891624,0.313918837312779,-0.179180200631014,0.685251798561153,0.592767197311749,-0.0431654676258963,0.326106186615176,-0.459598036788307,-0.145083932853714,0.718607093210774,-0.00232183047887627,-0.481253575819539,0.371598888698643,-0.0839328537170237,0.465636056465321,-0.686847733191016,0.532368822300839,-0.347621242979207,-0.590770304543056,0.52854450143776,-0.246486392975166
